"match_id","season","city","team1_id","team2_id","winner","player_of_match","venue","Runs","Extras","Total_Runs","Dismissals"
"2008_1",2008,"Bangalore","KKR","RCB","KKR","Brendon McCullum","M.Chinnaswamy Stadium Bengaluru, Karnataka",268,36,304,13
"2008_2",2008,"Chandigarh","CSK","KXI","CSK","Michael Hussey","I.S. Bindra Punjab Cricket Association Stadium, Mohali",430,17,447,9
"2008_3",2008,"Delhi","RR","DD","DD","Farveez Maharoof","Feroz Shah Kotla Stadium, Delhi",244,17,261,9
"2008_4",2008,"Mumbai","MI","RCB","RCB","Mark Boucher","Wankhede Stadium, Mumbai, Maharashtra",315,16,331,12
"2008_5",2008,"Kolkata","DC","KKR","KKR","David Hussey","Eden Garden Stadium, Kolkata, West Bengal",184,38,222,15
"2008_6",2008,"Jaipur","KXI","RR","RR","Shane Watson","Sawai Man Singh Stadium, Jaipur, Rajasthan",318,16,334,12
"2008_7",2008,"Hyderabad","DC","DD","DD","Virender Sehwag","Rajiv Gandhi International Stadium, Hyderabad",268,17,285,9
"2008_8",2008,"Chennai","CSK","MI","CSK","Matthew Hayden","M.A.Chidambaram Stadium Chennai, Tamil Nadu",379,31,410,12
"2008_9",2008,"Hyderabad","DC","RR","RR","Yusuf Pathan","Rajiv Gandhi International Stadium, Hyderabad",418,13,431,12
"2008_10",2008,"Chandigarh","KXI","MI","KXI","Kumar Sangakkara","I.S. Bindra Punjab Cricket Association Stadium, Mohali",284,14,298,19
"2008_11",2008,"Bangalore","RCB","RR","RR","Shane Watson","M.Chinnaswamy Stadium Bengaluru, Karnataka",264,9,273,11
"2008_12",2008,"Chennai","KKR","CSK","CSK","Jacob Oram","M.A.Chidambaram Stadium Chennai, Tamil Nadu",273,26,299,10
"2008_13",2008,"Mumbai","MI","DC","DC","Adam Gilchrist","Dr DY Patil Sports Academy",289,20,309,7
"2008_14",2008,"Chandigarh","DD","KXI","KXI","Simon Katich","I.S. Bindra Punjab Cricket Association Stadium, Mohali",300,20,320,14
"2008_15",2008,"Bangalore","CSK","RCB","CSK","Mahendra Singh Dhoni","M.Chinnaswamy Stadium Bengaluru, Karnataka",332,11,343,15
"2008_16",2008,"Kolkata","KKR","MI","MI","Sanath Jayasuriya","Eden Garden Stadium, Kolkata, West Bengal",247,28,275,11
"2008_17",2008,"Delhi","DD","RCB","DD","Glenn McGrath","Feroz Shah Kotla Stadium, Delhi",356,16,372,10
"2008_18",2008,"Hyderabad","DC","KXI","KXI","Shaun Marsh","Rajiv Gandhi International Stadium, Hyderabad",321,10,331,11
"2008_19",2008,"Jaipur","RR","KKR","RR","Swapnil Asnodkar","Sawai Man Singh Stadium, Jaipur, Rajasthan",321,26,347,17
"2008_20",2008,"Chennai","CSK","DD","DD","Virender Sehwag","M.A.Chidambaram Stadium Chennai, Tamil Nadu",328,13,341,8
"2008_21",2008,"Hyderabad","DC","RCB","RCB","Vinay Kumar","Rajiv Gandhi International Stadium, Hyderabad",320,16,336,15
"2008_22",2008,"Chandigarh","KXI","KKR","KXI","Irfan Pathan","I.S. Bindra Punjab Cricket Association Stadium, Mohali",326,21,347,12
"2008_23",2008,"Mumbai","MI","DD","MI","Shaun Pollock","Dr DY Patil Sports Academy",281,14,295,18
"2008_24",2008,"Jaipur","CSK","RR","RR","Sohail Tanvir","Sawai Man Singh Stadium, Jaipur, Rajasthan",191,28,219,12
"2008_25",2008,"Bangalore","RCB","KXI","KXI","S Sreesanth","M.Chinnaswamy Stadium Bengaluru, Karnataka",226,27,253,14
"2008_26",2008,"Chennai","CSK","DC","DC","Adam Gilchrist","M.A.Chidambaram Stadium Chennai, Tamil Nadu",277,15,292,10
"2008_27",2008,"Mumbai","RR","MI","MI","Ashish Nehra","Dr DY Patil Sports Academy",188,19,207,13
"2008_28",2008,"Delhi","DD","CSK","CSK","Mahendra Singh Dhoni","Feroz Shah Kotla Stadium, Delhi",352,23,375,11
"2008_29",2008,"Kolkata","KKR","RCB","KKR","Sourav Ganguly","Eden Garden Stadium, Kolkata, West Bengal",242,11,253,11
"2008_30",2008,"Jaipur","DC","RR","RR","Yusuf Pathan","Sawai Man Singh Stadium, Jaipur, Rajasthan",264,17,281,10
"2008_31",2008,"Bangalore","RCB","MI","MI","Dilhara Fernando","M.Chinnaswamy Stadium Bengaluru, Karnataka",224,24,248,10
"2008_32",2008,"Chennai","CSK","KXI","CSK","Lakshmipathy Balaji","M.A.Chidambaram Stadium Chennai, Tamil Nadu",326,18,344,13
"2008_33",2008,"Hyderabad","KKR","DC","KKR","Sourav Ganguly","Rajiv Gandhi International Stadium, Hyderabad",364,21,385,11
"2008_34",2008,"Jaipur","DD","RR","RR","Shane Watson","Sawai Man Singh Stadium, Jaipur, Rajasthan",287,28,315,14
"2008_35",2008,"Chandigarh","RCB","KXI","KXI","Shaun Marsh","I.S. Bindra Punjab Cricket Association Stadium, Mohali",263,24,287,9
"2008_36",2008,"Kolkata","KKR","DD","KKR","Shoaib Akhtar","Eden Garden Stadium, Kolkata, West Bengal",224,19,243,16
"2008_37",2008,"Mumbai","CSK","MI","MI","Sanath Jayasuriya","Wankhede Stadium, Mumbai, Maharashtra",286,28,314,7
"2008_38",2008,"Chandigarh","KXI","RR","KXI","Shaun Marsh","I.S. Bindra Punjab Cricket Association Stadium, Mohali",392,9,401,10
"2008_39",2008,"Delhi","DD","DC","DD","Amit Mishra","Feroz Shah Kotla Stadium, Delhi",365,11,376,13
"2008_40",2008,"Mumbai","KKR","MI","MI","Shaun Pollock","Wankhede Stadium, Mumbai, Maharashtra",117,18,135,12
"2008_41",2008,"Delhi","DD","KXI","KXI","Mahela Jayawardene","Feroz Shah Kotla Stadium, Delhi",198,14,212,7
"2008_42",2008,"Jaipur","RR","RCB","RR","Graeme Smith","Sawai Man Singh Stadium, Jaipur, Rajasthan",297,32,329,10
"2008_43",2008,"Hyderabad","MI","DC","MI","Dwayne Bravo","Rajiv Gandhi International Stadium, Hyderabad",303,28,331,14
"2008_44",2008,"Kolkata","KKR","CSK","CSK","Makhaya Ntini","Eden Garden Stadium, Kolkata, West Bengal",187,17,204,5
"2008_45",2008,"Bangalore","RCB","DD","DD","Shreevats Goswami","M.Chinnaswamy Stadium Bengaluru, Karnataka",291,21,312,12
"2008_46",2008,"Kolkata","KKR","RR","RR","Yusuf Pathan","Eden Garden Stadium, Kolkata, West Bengal",285,12,297,12
"2008_47",2008,"Mumbai","KXI","MI","KXI","Shaun Marsh","Wankhede Stadium, Mumbai, Maharashtra",342,35,377,14
"2008_48",2008,"Chennai","RCB","CSK","RCB","Anil Kumble","M.A.Chidambaram Stadium Chennai, Tamil Nadu",222,16,238,16
"2008_49",2008,"Chandigarh","DC","KXI","KXI","Shaun Marsh","I.S. Bindra Punjab Cricket Association Stadium, Mohali",340,13,353,8
"2008_50",2008,"Delhi","MI","DD","DD","Dinesh Karthik","Feroz Shah Kotla Stadium, Delhi",343,12,355,13
"2008_51",2008,"Chennai","RR","CSK","RR","Albie Morkel","M.A.Chidambaram Stadium Chennai, Tamil Nadu",396,16,412,12
"2008_52",2008,"Bangalore","RCB","DC","RCB","Praveen Kumar","M.Chinnaswamy Stadium Bengaluru, Karnataka",298,11,309,14
"2008_53",2008,"Kolkata","KXI","KKR","KKR","Umar Gul","Eden Garden Stadium, Kolkata, West Bengal",329,20,349,13
"2008_54",2008,"Jaipur","MI","RR","RR","Sohail Tanvir","Sawai Man Singh Stadium, Jaipur, Rajasthan",262,29,291,12
"2008_55",2008,"Hyderabad","DC","CSK","CSK","Suresh Raina","Rajiv Gandhi International Stadium, Hyderabad",268,27,295,11
"2008_56",2008,"Mumbai","RR","DD","RR","Shane Watson","Wankhede Stadium, Mumbai, Maharashtra",268,11,279,19
"2008_57",2008,"Mumbai","KXI","CSK","CSK","Makhaya Ntini","Wankhede Stadium, Mumbai, Maharashtra",220,8,228,9
"2008_58",2008,"Mumbai","CSK","RR","RR","Yusuf Pathan","Dr DY Patil Sports Academy",306,21,327,12
"2009_1",2009,"Cape Town","MI","CSK","MI","Sachin Tendulkar","Newlands",299,12,311,14
"2009_2",2009,"Cape Town","RCB","RR","RCB","Rahul Dravid","Newlands",178,13,191,18
"2009_3",2009,"Cape Town","KXI","DD","DD","Daniel Vettori","Newlands",149,13,162,7
"2009_4",2009,"Cape Town","KKR","DC","DC","RP Singh","Newlands",198,7,205,12
"2009_5",2009,"Port Elizabeth","CSK","RCB","CSK","Muttiah Muralitharan","St George's Park",248,18,266,15
"2009_6",2009,"Durban","KXI","KKR","KKR","Chris Gayle","Kingsmead",221,16,237,7
"2009_7",2009,"Cape Town","DC","RCB","DC","Adam Gilchrist","Newlands",328,16,344,14
"2009_8",2009,"Durban","DD","CSK","DD","AB De Villiers","Kingsmead",353,16,369,14
"2009_9",2009,"Cape Town","RR","KKR","RR","Yusuf Pathan","Newlands",272,28,300,15
"2009_10",2009,"Durban","RCB","KXI","KXI","Ravi Bopara","Kingsmead",320,21,341,12
"2009_11",2009,"Durban","DC","MI","DC","Pragyan Ojha","Kingsmead",297,27,324,16
"2009_12",2009,"Port Elizabeth","RCB","DD","DD","Tillakaratne Dilshan","St George's Park",284,15,299,11
"2009_13",2009,"Cape Town","KXI","RR","KXI","Kumar Sangakkara","Newlands",228,23,251,13
"2009_14",2009,"Durban","CSK","DC","DC","Herschelle Gibbs","Kingsmead",317,17,334,10
"2009_15",2009,"Port Elizabeth","MI","KKR","MI","Sachin Tendulkar","St George's Park",269,13,282,15
"2009_16",2009,"Centurion","DD","RR","RR","Yusuf Pathan","SuperSport Park",276,14,290,12
"2009_17",2009,"Durban","KKR","RCB","RCB","Mark Boucher","Kingsmead",264,18,282,11
"2009_18",2009,"Durban","KXI","MI","KXI","Kumar Sangakkara","Kingsmead",207,28,235,15
"2009_19",2009,"Centurion","DC","DD","DD","Dirk Nannes","SuperSport Park",275,23,298,13
"2009_20",2009,"Centurion","CSK","RR","CSK","Suresh Raina","SuperSport Park",277,13,290,14
"2009_21",2009,"East London","MI","KKR","MI","J P Duminy","Buffalo Park",266,21,287,12
"2009_22",2009,"Durban","RCB","KXI","RCB","Yuvraj Singh","Kingsmead",263,19,282,16
"2009_23",2009,"Port Elizabeth","DC","RR","RR","Yusuf Pathan","St George's Park",269,14,283,12
"2009_24",2009,"Johannesburg","CSK","DD","CSK","Shadab Jakati","New Wanderers Stadium",296,12,308,18
"2009_25",2009,"Port Elizabeth","KKR","KXI","KXI","Mahela Jayawardene","St George's Park",290,17,307,7
"2009_26",2009,"Johannesburg","MI","RCB","RCB","Jacques Kallis","New Wanderers Stadium",285,14,299,5
"2009_27",2009,"East London","CSK","DC","CSK","Mahendra Singh Dhoni","Buffalo Park",261,17,278,13
"2009_28",2009,"Durban","RR","KXI","RR","Graeme Smith","Kingsmead",321,23,344,12
"2009_29",2009,"Durban","KKR","DD","DD","Gautam Gambhir","Kingsmead",299,12,311,4
"2009_30",2009,"Centurion","DC","MI","DC","Rohit Sharma","SuperSport Park",259,12,271,14
"2009_31",2009,"Centurion","RCB","RR","RR","Amanpreet Singh","SuperSport Park",204,8,212,13
"2009_32",2009,"Centurion","CSK","KXI","CSK","Matthew Hayden","SuperSport Park",347,12,359,6
"2009_33",2009,"East London","MI","DD","DD","Ashish Nehra","Buffalo Park",215,19,234,13
"2009_34",2009,"Kimberley","DC","KXI","KXI","Mahela Jayawardene","De Beers Diamond Oval",321,16,337,12
"2009_35",2009,"Kimberley","RR","CSK","CSK","S Badrinath","De Beers Diamond Oval",264,17,281,10
"2009_36",2009,"Port Elizabeth","MI","RCB","MI","J P Duminy","St George's Park",277,21,298,9
"2009_37",2009,"Johannesburg","KKR","DD","DD","Amit Mishra","New Wanderers Stadium",227,21,248,11
"2009_38",2009,"Kimberley","DC","RR","DC","Dwayne Smith","De Beers Diamond Oval",273,6,279,17
"2009_39",2009,"Centurion","KKR","RCB","RCB","Ross Taylor","SuperSport Park",331,18,349,8
"2009_40",2009,"Centurion","KXI","MI","MI","Harbhajan Singh","SuperSport Park",217,24,241,11
"2009_41",2009,"Durban","DD","DC","DD","Rajat Bhatia","Kingsmead",314,20,334,17
"2009_42",2009,"Durban","CSK","RCB","RCB","Ross Taylor","Kingsmead",249,12,261,18
"2009_43",2009,"Durban","RR","MI","RR","Shane Warne","Kingsmead",263,25,288,17
"2009_44",2009,"Bloemfontein","DD","KXI","KXI","Brett Lee","OUTsurance Oval",220,23,243,13
"2009_45",2009,"Port Elizabeth","MI","CSK","CSK","Matthew Hayden","St George's Park",267,31,298,8
"2009_46",2009,"Johannesburg","KKR","DC","DC","Rohit Sharma","New Wanderers Stadium",312,14,326,9
"2009_47",2009,"Johannesburg","KXI","DC","KXI","Yuvraj Singh","New Wanderers Stadium",255,12,267,15
"2009_48",2009,"Bloemfontein","DD","RR","DD","AB De Villiers","OUTsurance Oval",268,18,286,12
"2009_49",2009,"Centurion","CSK","KKR","KKR","Brad Hodge","SuperSport Park",352,25,377,6
"2009_50",2009,"Johannesburg","DD","RCB","RCB","Jacques Kallis","New Wanderers Stadium",263,6,269,10
"2009_51",2009,"Durban","RR","KKR","KKR","Laxmi Shukla","Kingsmead",193,10,203,15
"2009_52",2009,"Durban","CSK","KXI","CSK","Muttiah Muralitharan","Kingsmead",195,13,208,17
"2009_53",2009,"Centurion","MI","DD","DD","Virender Sehwag","SuperSport Park",298,33,331,14
"2009_54",2009,"Centurion","RCB","DC","RCB","Manish Pandey","SuperSport Park",313,15,328,10
"2009_55",2009,"Centurion","DD","DC","DC","Adam Gilchrist","SuperSport Park",291,16,307,12
"2009_56",2009,"Johannesburg","CSK","RCB","RCB","Manish Pandey","New Wanderers Stadium",284,11,295,9
"2009_57",2009,"Johannesburg","DC","RCB","DC","Anil Kumble","New Wanderers Stadium",262,18,280,15
"2010_1",2010,"Mumbai","KKR","DC","KKR","Angelo Mathews","Dr DY Patil Sports Academy",284,27,311,11
"2010_2",2010,"Mumbai","MI","RR","MI","Yusuf Pathan","Brabourne Stadium",399,21,420,14
"2010_3",2010,"Chandigarh","KXI","DD","DD","Gautam Gambhir","I.S. Bindra Punjab Cricket Association Stadium, Mohali",268,20,288,14
"2010_4",2010,"Kolkata","RCB","KKR","KKR","Manoj Tiwary","Eden Garden Stadium, Kolkata, West Bengal",260,11,271,10
"2010_5",2010,"Chennai","DC","CSK","DC","Chaminda Vaas","M.A.Chidambaram Stadium Chennai, Tamil Nadu",330,19,349,13
"2010_6",2010,"Ahmedabad","RR","DD","DD","Virender Sehwag","Sardar Patel Stadium, Motera",269,14,283,10
"2010_7",2010,"Bangalore","KXI","RCB","RCB","Jacques Kallis","M.Chinnaswamy Stadium Bengaluru, Karnataka",384,23,407,5
"2010_8",2010,"Kolkata","CSK","KKR","CSK","Mahendra Singh Dhoni","Eden Garden Stadium, Kolkata, West Bengal",262,11,273,13
"2010_9",2010,"Delhi","MI","DD","MI","Sachin Tendulkar","Feroz Shah Kotla Stadium, Delhi",310,28,338,16
"2010_10",2010,"Bangalore","RR","RCB","RCB","Jacques Kallis","M.Chinnaswamy Stadium Bengaluru, Karnataka",171,14,185,10
"2010_11",2010,"Delhi","DD","CSK","CSK","Matthew Hayden","Feroz Shah Kotla Stadium, Delhi",355,20,375,11
"2010_12",2010,"Cuttack","DC","KXI","DC","Andrew Symonds","Barabati Stadium",321,13,334,16
"2010_13",2010,"Ahmedabad","RR","KKR","RR","Abhishek Jhunjhunwala","Sardar Patel Stadium, Motera",289,13,302,12
"2010_14",2010,"Mumbai","MI","RCB","RCB","Jacques Kallis","Brabourne Stadium",290,16,306,12
"2010_15",2010,"Cuttack","DC","DD","DC","Andrew Symonds","Barabati Stadium",326,6,332,15
"2010_16",2010,"Chennai","KXI","CSK","KXI","Rusty Theron","M.A.Chidambaram Stadium Chennai, Tamil Nadu",255,17,272,18
"2010_17",2010,"Mumbai","KKR","MI","MI","Sachin Tendulkar","Brabourne Stadium",292,19,311,6
"2010_18",2010,"Bangalore","RCB","CSK","RCB","Robin Uthappa","M.Chinnaswamy Stadium Bengaluru, Karnataka",281,25,306,12
"2010_19",2010,"Chandigarh","RR","KXI","RR","Adam Voges","I.S. Bindra Punjab Cricket Association Stadium, Mohali",319,16,335,15
"2010_20",2010,"Mumbai","CSK","MI","MI","Sachin Tendulkar","Brabourne Stadium",333,28,361,7
"2010_21",2010,"Ahmedabad","DC","RR","RR","Yusuf Pathan","Sardar Patel Stadium, Motera",277,22,299,11
"2010_22",2010,"Chandigarh","KKR","KXI","KKR","Manoj Tiwary","I.S. Bindra Punjab Cricket Association Stadium, Mohali",303,24,327,11
"2010_23",2010,"Bangalore","DD","RCB","DD","Kedar Jadhav","M.Chinnaswamy Stadium Bengaluru, Karnataka",325,24,349,13
"2010_24",2010,"Ahmedabad","RR","CSK","RR","Naman Ojha","Sardar Patel Stadium, Motera",328,9,337,14
"2010_25",2010,"Mumbai","MI","DC","MI","Harbhajan Singh","Dr DY Patil Sports Academy",282,21,303,17
"2010_26",2010,"Delhi","DD","KKR","DD","David Warner","Feroz Shah Kotla Stadium, Delhi",299,15,314,13
"2010_27",2010,"Mumbai","KXI","MI","MI","Lasith Malinga","Brabourne Stadium",289,38,327,16
"2010_28",2010,"Chennai","RCB","CSK","CSK","Murali Vijay","M.A.Chidambaram Stadium Chennai, Tamil Nadu",308,15,323,9
"2010_29",2010,"Delhi","DD","RR","DD","Dinesh Karthik","Feroz Shah Kotla Stadium, Delhi",293,16,309,16
"2010_30",2010,"Kolkata","KKR","DC","KKR","Sourav Ganguly","Eden Garden Stadium, Kolkata, West Bengal",317,21,338,11
"2010_31",2010,"Chandigarh","KXI","RCB","RCB","Kevin Pietersen","I.S. Bindra Punjab Cricket Association Stadium, Mohali",344,21,365,9
"2010_32",2010,"Chennai","CSK","RR","CSK","Murali Vijay","M.A.Chidambaram Stadium Chennai, Tamil Nadu",448,21,469,10
"2010_33",2010,"Mumbai","MI","DC","MI","Ambati Rayudu","Brabourne Stadium",279,14,293,15
"2010_34",2010,"Kolkata","KKR","KXI","KXI","Mahela Jayawardene","Eden Garden Stadium, Kolkata, West Bengal",386,18,404,5
"2010_35",2010,"Delhi","DD","RCB","DD","Paul Collingwood","Feroz Shah Kotla Stadium, Delhi",321,10,331,14
"2010_36",2010,"Nagpur","RR","DC","RR","Shane Warne","Vidarbha Cricket Association Stadium, Jamtha",294,22,316,20
"2010_37",2010,"Chennai","CSK","MI","CSK","Suresh Raina","M.A.Chidambaram Stadium Chennai, Tamil Nadu",274,32,306,13
"2010_38",2010,"Jaipur","KXI","RR","RR","Michael Lumb","Sawai Man Singh Stadium, Jaipur, Rajasthan",292,18,310,7
"2010_39",2010,"Kolkata","KKR","DD","KKR","Sourav Ganguly","Eden Garden Stadium, Kolkata, West Bengal",332,16,348,11
"2010_40",2010,"Bangalore","RCB","DC","DC","Tirumalsetti Suman","M.Chinnaswamy Stadium Bengaluru, Karnataka",347,23,370,9
"2010_41",2010,"Chandigarh","MI","KXI","KXI","Kumar Sangakkara","I.S. Bindra Punjab Cricket Association Stadium, Mohali",304,8,312,13
"2010_42",2010,"Nagpur","CSK","DC","DC","Ryan Harris","Vidarbha Cricket Association Stadium, Jamtha",261,16,277,12
"2010_43",2010,"Bangalore","KKR","RCB","RCB","Vinay Kumar","M.Chinnaswamy Stadium Bengaluru, Karnataka",300,22,322,12
"2010_44",2010,"Delhi","DD","KXI","KXI","Piyush Chawla","Feroz Shah Kotla Stadium, Delhi",199,24,223,13
"2010_45",2010,"Jaipur","MI","RR","MI","Sachin Tendulkar","Sawai Man Singh Stadium, Jaipur, Rajasthan",291,20,311,13
"2010_46",2010,"Nagpur","DC","RCB","DC","Harmeet Singh","Vidarbha Cricket Association Stadium, Jamtha",267,22,289,16
"2010_47",2010,"Mumbai","MI","DD","MI","Kieron Pollard","Brabourne Stadium",309,18,327,11
"2010_48",2010,"Chennai","KKR","CSK","CSK","Ravichandran Ashwin","M.A.Chidambaram Stadium Chennai, Tamil Nadu",247,35,282,9
"2010_49",2010,"Jaipur","RR","RCB","RCB","Kevin Pietersen","Sawai Man Singh Stadium, Jaipur, Rajasthan",253,9,262,11
"2010_50",2010,"Chennai","CSK","DD","DD","Gautam Gambhir","M.A.Chidambaram Stadium Chennai, Tamil Nadu",204,21,225,13
"2010_51",2010,"Dharamsala","KXI","DC","DC","Rohit Sharma","Himachal Pradesh Cricket Association Stadium",331,21,352,8
"2010_52",2010,"Bangalore","MI","RCB","MI","Ryan McLaren","M.Chinnaswamy Stadium Bengaluru, Karnataka",305,20,325,13
"2010_53",2010,"Kolkata","RR","KKR","KKR","Jaydev Unadkat","Eden Garden Stadium, Kolkata, West Bengal",255,10,265,11
"2010_54",2010,"Dharamsala","KXI","CSK","CSK","Mahendra Singh Dhoni","Himachal Pradesh Cricket Association Stadium",372,15,387,7
"2010_55",2010,"Delhi","DC","DD","DC","Andrew Symonds","Feroz Shah Kotla Stadium, Delhi",271,8,279,14
"2010_56",2010,"Kolkata","MI","KKR","KKR","Murali Kartik","Eden Garden Stadium, Kolkata, West Bengal",246,22,268,9
"2010_57",2010,"Mumbai","MI","RCB","MI","Kieron Pollard","Dr DY Patil Sports Academy",310,23,333,14
"2010_58",2010,"Mumbai","CSK","DC","CSK","Doug Bollinger","Dr DY Patil Sports Academy",222,24,246,17
"2010_59",2010,"Mumbai","DC","RCB","RCB","Anil Kumble","Dr DY Patil Sports Academy",161,7,168,11
"2010_60",2010,"Mumbai","CSK","MI","CSK","Suresh Raina","Dr DY Patil Sports Academy",291,23,314,14
"2011_1",2011,"Chennai","CSK","KKR","CSK","Srikkanth Anirudha","M.A.Chidambaram Stadium Chennai, Tamil Nadu",293,11,304,11
"2011_2",2011,"Hyderabad","DC","RR","RR","Siddharth Trivedi","Rajiv Gandhi International Stadium, Hyderabad",269,9,278,10
"2011_3",2011,"Kochi","KTK","RCB","RCB","AB De Villiers","Nehru Stadium",299,24,323,9
"2011_4",2011,"Delhi","DD","MI","MI","Lasith Malinga","Feroz Shah Kotla Stadium, Delhi",179,15,194,12
"2011_5",2011,"Mumbai","KXI","PW","PW","Shrikant Wagh","Dr DY Patil Sports Academy",211,14,225,11
"2011_6",2011,"Kolkata","KKR","DC","KKR","Jacques Kallis","Eden Garden Stadium, Kolkata, West Bengal",298,19,317,12
"2011_7",2011,"Jaipur","DD","RR","RR","Shane Warne","Sawai Man Singh Stadium, Jaipur, Rajasthan",282,21,303,10
"2011_8",2011,"Bangalore","RCB","MI","MI","Sachin Tendulkar","M.Chinnaswamy Stadium Bengaluru, Karnataka",265,18,283,5
"2011_9",2011,"Chandigarh","CSK","KXI","KXI","Paul Valthaty","I.S. Bindra Punjab Cricket Association Stadium, Mohali",375,6,381,8
"2011_10",2011,"Mumbai","KTK","PW","PW","Mohnish Mishra","Dr DY Patil Sports Academy",277,22,299,14
"2011_11",2011,"Hyderabad","DC","RCB","DC","Dale Steyn","Rajiv Gandhi International Stadium, Hyderabad",302,15,317,14
"2011_12",2011,"Jaipur","RR","KKR","KKR","Gautam Gambhir","Sawai Man Singh Stadium, Jaipur, Rajasthan",296,23,319,5
"2011_13",2011,"Mumbai","MI","KTK","KTK","Brendon McCullum","Wankhede Stadium, Mumbai, Maharashtra",338,28,366,4
"2011_14",2011,"Chennai","CSK","RCB","CSK","Michael Hussey","M.A.Chidambaram Stadium Chennai, Tamil Nadu",332,13,345,12
"2011_15",2011,"Hyderabad","DC","KXI","KXI","Paul Valthaty","Rajiv Gandhi International Stadium, Hyderabad",312,19,331,10
"2011_16",2011,"Mumbai","PW","DD","DD","Yuvraj Singh","Dr DY Patil Sports Academy",359,18,377,12
"2011_17",2011,"Kolkata","RR","KKR","KKR","Lakshmipathy Balaji","Eden Garden Stadium, Kolkata, West Bengal",150,16,166,12
"2011_18",2011,"Kochi","CSK","KTK","KTK","Brendon McCullum","Nehru Stadium",260,6,266,7
"2011_19",2011,"Delhi","DC","DD","DC","Sunny Sohal","Feroz Shah Kotla Stadium, Delhi",302,18,320,11
"2011_20",2011,"Mumbai","PW","MI","MI","Munaf Patel","Wankhede Stadium, Mumbai, Maharashtra",220,22,242,13
"2011_21",2011,"Kolkata","KTK","KKR","KTK","Mahela Jayawardene","Eden Garden Stadium, Kolkata, West Bengal",239,19,258,16
"2011_22",2011,"Chandigarh","KXI","RR","KXI","Shaun Marsh","I.S. Bindra Punjab Cricket Association Stadium, Mohali",323,19,342,14
"2011_23",2011,"Mumbai","MI","CSK","MI","Harbhajan Singh","Wankhede Stadium, Mumbai, Maharashtra",296,24,320,13
"2011_24",2011,"Kolkata","KKR","RCB","RCB","Chris Gayle","Eden Garden Stadium, Kolkata, West Bengal",328,18,346,6
"2011_25",2011,"Delhi","DD","KXI","DD","David Warner","Feroz Shah Kotla Stadium, Delhi",412,21,433,10
"2011_26",2011,"Hyderabad","MI","DC","MI","Lasith Malinga","Rajiv Gandhi International Stadium, Hyderabad",290,17,307,12
"2011_27",2011,"Jaipur","KTK","RR","RR","Shane Warne","Sawai Man Singh Stadium, Jaipur, Rajasthan",209,11,220,12
"2011_28",2011,"Chennai","CSK","PW","CSK","Michael Hussey","M.A.Chidambaram Stadium Chennai, Tamil Nadu",248,11,259,15
"2011_29",2011,"Delhi","DD","RCB","RCB","Virat Kohli","Feroz Shah Kotla Stadium, Delhi",290,31,321,13
"2011_30",2011,"Mumbai","PW","CSK","CSK","Doug Bollinger","Dr DY Patil Sports Academy",273,13,286,8
"2011_31",2011,"Kochi","DC","KTK","DC","Ishant Sharma","Nehru Stadium",189,14,203,17
"2011_32",2011,"Delhi","KKR","DD","KKR","Manoj Tiwary","Feroz Shah Kotla Stadium, Delhi",264,15,279,16
"2011_33",2011,"Jaipur","MI","RR","RR","Johan Botha","Sawai Man Singh Stadium, Jaipur, Rajasthan",180,9,189,11
"2011_34",2011,"Bangalore","RCB","PW","RCB","Virat Kohli","M.Chinnaswamy Stadium Bengaluru, Karnataka",325,11,336,10
"2011_35",2011,"Kochi","DD","KTK","DD","Virender Sehwag","Nehru Stadium",252,24,276,17
"2011_36",2011,"Kolkata","KXI","KKR","KKR","Iqbal Abdulla","Eden Garden Stadium, Kolkata, West Bengal",221,18,239,8
"2011_37",2011,"Jaipur","PW","RR","RR","Ross Taylor","Sawai Man Singh Stadium, Jaipur, Rajasthan",271,16,287,11
"2011_38",2011,"Chennai","CSK","DC","CSK","Albie Morkel","M.A.Chidambaram Stadium Chennai, Tamil Nadu",297,14,311,13
"2011_39",2011,"Mumbai","MI","KXI","MI","Kieron Pollard","Wankhede Stadium, Mumbai, Maharashtra",278,17,295,13
"2011_40",2011,"Delhi","DD","KTK","KTK","Prasanth Parameswaran","Feroz Shah Kotla Stadium, Delhi",256,25,281,9
"2011_41",2011,"Hyderabad","KKR","DC","KKR","Yusuf Pathan","Rajiv Gandhi International Stadium, Hyderabad",304,14,318,10
"2011_42",2011,"Chennai","RR","CSK","CSK","Michael Hussey","M.A.Chidambaram Stadium Chennai, Tamil Nadu",285,11,296,8
"2011_43",2011,"Mumbai","MI","PW","MI","Rahul Sharma","Dr DY Patil Sports Academy",274,25,299,14
"2011_44",2011,"Kochi","KTK","KKR","KTK","Brad Hodge","Nehru Stadium",286,9,295,12
"2011_45",2011,"Hyderabad","DC","DD","DD","Virender Sehwag","Rajiv Gandhi International Stadium, Hyderabad",334,20,354,11
"2011_46",2011,"Bangalore","RCB","KXI","RCB","Chris Gayle","M.Chinnaswamy Stadium Bengaluru, Karnataka",314,11,325,15
"2011_47",2011,"Kolkata","CSK","KKR","KKR","Iqbal Abdulla","Eden Garden Stadium, Kolkata, West Bengal",165,10,175,6
"2011_48",2011,"Mumbai","MI","DD","MI","Ambati Rayudu","Wankhede Stadium, Mumbai, Maharashtra",309,15,324,14
"2011_49",2011,"Bangalore","KTK","RCB","RCB","Chris Gayle","M.Chinnaswamy Stadium Bengaluru, Karnataka",238,15,253,10
"2011_50",2011,"Chandigarh","KXI","PW","PW","Rahul Sharma","I.S. Bindra Punjab Cricket Association Stadium, Mohali",223,16,239,13
"2011_51",2011,"Jaipur","CSK","RR","CSK","Murali Vijay","Sawai Man Singh Stadium, Jaipur, Rajasthan",316,13,329,13
"2011_52",2011,"Hyderabad","DC","PW","PW","Mitchell Marsh","Rajiv Gandhi International Stadium, Hyderabad",269,4,273,12
"2011_53",2011,"Chandigarh","KXI","MI","KXI","Bhargav Bhatt","I.S. Bindra Punjab Cricket Association Stadium, Mohali",223,27,250,18
"2011_54",2011,"Jaipur","RR","RCB","RCB","Sreenath Aravind","Sawai Man Singh Stadium, Jaipur, Rajasthan",282,15,297,7
"2011_55",2011,"Chennai","CSK","DD","CSK","Mahendra Singh Dhoni","M.A.Chidambaram Stadium Chennai, Tamil Nadu",316,18,334,10
"2011_56",2011,"Indore","KTK","KXI","KXI","Dinesh Karthik","Holkar Stadium Cricket Stadium, Indore, Madhya Pradesh",328,31,359,11
"2011_57",2011,"Bangalore","KKR","RCB","RCB","Chris Gayle","M.Chinnaswamy Stadium Bengaluru, Karnataka",181,13,194,10
"2011_58",2011,"Mumbai","DC","MI","DC","Amit Mishra","Wankhede Stadium, Mumbai, Maharashtra",235,25,260,14
"2011_59",2011,"Dharamsala","KXI","DD","KXI","Piyush Chawla","Himachal Pradesh Cricket Association Stadium",290,21,311,14
"2011_60",2011,"Indore","RR","KTK","KTK","Brad Hodge","Holkar Stadium Cricket Stadium, Indore, Madhya Pradesh",183,12,195,12
"2011_61",2011,"Mumbai","PW","DC","DC","Amit Mishra","Dr DY Patil Sports Academy",262,12,274,13
"2011_62",2011,"Dharamsala","KXI","RCB","KXI","Adam Gilchrist","Himachal Pradesh Cricket Association Stadium",317,36,353,12
"2011_63",2011,"Chennai","CSK","KTK","CSK","Wriddhiman Saha","M.A.Chidambaram Stadium Chennai, Tamil Nadu",280,13,293,10
"2011_64",2011,"Mumbai","PW","KKR","KKR","Yusuf Pathan","Dr DY Patil Sports Academy",220,17,237,10
"2011_65",2011,"Mumbai","MI","RR","RR","Shane Watson","Wankhede Stadium, Mumbai, Maharashtra",260,7,267,5
"2011_66",2011,"Dharamsala","DC","KXI","DC","Shikhar Dhawan","Himachal Pradesh Cricket Association Stadium",294,20,314,12
"2011_67",2011,"Delhi","DD","PW",NA,NA,"Feroz Shah Kotla Stadium, Delhi",51,5,56,3
"2011_68",2011,"Bangalore","CSK","RCB","RCB","Chris Gayle","M.Chinnaswamy Stadium Bengaluru, Karnataka",237,20,257,10
"2011_69",2011,"Kolkata","KKR","MI","MI","James Franklin","Eden Garden Stadium, Kolkata, West Bengal",331,22,353,12
"2011_70",2011,"Mumbai","RCB","CSK","CSK","Suresh Raina","Wankhede Stadium, Mumbai, Maharashtra",330,22,352,8
"2011_71",2011,"Mumbai","KKR","MI","MI","Munaf Patel","Wankhede Stadium, Mumbai, Maharashtra",285,10,295,13
"2011_72",2011,"Chennai","RCB","MI","RCB","Chris Gayle","M.A.Chidambaram Stadium Chennai, Tamil Nadu",309,18,327,12
"2011_73",2011,"Chennai","CSK","RCB","CSK","Murali Vijay","M.A.Chidambaram Stadium Chennai, Tamil Nadu",337,15,352,13
"2012_1",2012,"Chennai","CSK","MI","MI","Richard Levi","M.A.Chidambaram Stadium Chennai, Tamil Nadu",209,18,227,13
"2012_2",2012,"Kolkata","KKR","DD","DD","Irfan Pathan","Eden Garden Stadium, Kolkata, West Bengal",185,12,197,11
"2012_3",2012,"Mumbai","PW","MI","PW","Steven Smith","Wankhede Stadium, Mumbai, Maharashtra",217,13,230,18
"2012_4",2012,"Jaipur","RR","KXI","RR","Ajinkya Rahane","Sawai Man Singh Stadium, Jaipur, Rajasthan",326,25,351,13
"2012_5",2012,"Bangalore","RCB","DD","RCB","AB De Villiers","M.Chinnaswamy Stadium Bengaluru, Karnataka",284,10,294,15
"2012_6",2012,"Visakhapatnam","CSK","DC","CSK","Ravindra Jadeja","Dr. Y.S. Rajasekhara Reddy ACA-VDCA Cricket Stadium",297,15,312,16
"2012_7",2012,"Jaipur","RR","KKR","RR","Brad Hodge","Sawai Man Singh Stadium, Jaipur, Rajasthan",296,10,306,15
"2012_8",2012,"Pune","PW","KXI","PW","Marlon Samuels","Subrata Roy Sahara Stadium",287,23,310,14
"2012_9",2012,"Visakhapatnam","DC","MI","MI","Rohit Sharma","Dr. Y.S. Rajasekhara Reddy ACA-VDCA Cricket Stadium",271,9,280,14
"2012_10",2012,"Bangalore","KKR","RCB","KKR","Lakshmipathy Balaji","M.Chinnaswamy Stadium Bengaluru, Karnataka",272,16,288,17
"2012_11",2012,"Delhi","CSK","DD","DD","Morne Morkel","Feroz Shah Kotla Stadium, Delhi",214,7,221,10
"2012_12",2012,"Mumbai","MI","RR","MI","Kieron Pollard","Wankhede Stadium, Mumbai, Maharashtra",357,10,367,16
"2012_13",2012,"Chennai","RCB","CSK","CSK","Faf du Plessis","M.A.Chidambaram Stadium Chennai, Tamil Nadu",391,22,413,13
"2012_14",2012,"Chandigarh","PW","KXI","KXI","Dimitri Mascarenhas","I.S. Bindra Punjab Cricket Association Stadium, Mohali",219,12,231,13
"2012_15",2012,"Kolkata","RR","KKR","KKR","Shakib Al Hasan","Eden Garden Stadium, Kolkata, West Bengal",246,22,268,10
"2012_16",2012,"Delhi","DC","DD","DD","Kevin Pietersen","Feroz Shah Kotla Stadium, Delhi",309,10,319,13
"2012_17",2012,"Pune","CSK","PW","PW","Jesse Ryder","Subrata Roy Sahara Stadium",300,11,311,8
"2012_18",2012,"Kolkata","KXI","KKR","KXI","Sunil Narine","Eden Garden Stadium, Kolkata, West Bengal",250,16,266,16
"2012_19",2012,"Bangalore","RR","RCB","RR","Ajinkya Rahane","M.Chinnaswamy Stadium Bengaluru, Karnataka",322,9,331,12
"2012_20",2012,"Mumbai","MI","DD","DD","Shahbaz Nadeem","Wankhede Stadium, Mumbai, Maharashtra",165,20,185,13
"2012_21",2012,"Jaipur","DC","RR","RR","Brad Hodge","Sawai Man Singh Stadium, Jaipur, Rajasthan",374,19,393,7
"2012_22",2012,"Bangalore","PW","RCB","RCB","Chris Gayle","M.Chinnaswamy Stadium Bengaluru, Karnataka",354,14,368,10
"2012_23",2012,"Chandigarh","KXI","KKR","KKR","Gautam Gambhir","I.S. Bindra Punjab Cricket Association Stadium, Mohali",243,8,251,9
"2012_24",2012,"Hyderabad","DC","DD","DD","David Warner","Rajiv Gandhi International Stadium, Hyderabad",362,18,380,5
"2012_25",2012,"Chennai","CSK","PW","CSK","Nuwan Kulasekara","M.A.Chidambaram Stadium Chennai, Tamil Nadu",298,17,315,12
"2012_26",2012,"Chandigarh","KXI","RCB","RCB","Chris Gayle","I.S. Bindra Punjab Cricket Association Stadium, Mohali",313,16,329,11
"2012_27",2012,"Chennai","RR","CSK","CSK","Faf du Plessis","M.A.Chidambaram Stadium Chennai, Tamil Nadu",277,16,293,7
"2012_28",2012,"Delhi","PW","DD","PW","Sourav Ganguly","Feroz Shah Kotla Stadium, Delhi",344,20,364,10
"2012_29",2012,"Mumbai","MI","KXI","KXI","Shaun Marsh","Wankhede Stadium, Mumbai, Maharashtra",315,12,327,10
"2012_30",2012,"Cuttack","DC","KKR","KKR","Brett Lee","Barabati Stadium",241,12,253,12
"2012_31",2012,"Jaipur","RCB","RR","RCB","AB De Villiers","Sawai Man Singh Stadium, Jaipur, Rajasthan",303,29,332,10
"2012_32",2012,"Pune","PW","DD","DD","Virender Sehwag","Subrata Roy Sahara Stadium",282,12,294,4
"2012_33",2012,"Chandigarh","KXI","MI","MI","Ambati Rayudu","I.S. Bindra Punjab Cricket Association Stadium, Mohali",320,19,339,9
"2012_34",2012,"Pune","DC","PW","DC","Cameron White","Subrata Roy Sahara Stadium",316,20,336,11
"2012_35",2012,"Delhi","DD","MI","DD","Virender Sehwag","Feroz Shah Kotla Stadium, Delhi",364,13,377,14
"2012_36",2012,"Chennai","KXI","CSK","KXI","Mandeep Singh","M.A.Chidambaram Stadium Chennai, Tamil Nadu",294,11,305,16
"2012_37",2012,"Kolkata","KKR","RCB","KKR","Gautam Gambhir","Eden Garden Stadium, Kolkata, West Bengal",323,10,333,10
"2012_38",2012,"Delhi","DD","RR","DD","Virender Sehwag","Feroz Shah Kotla Stadium, Delhi",291,12,303,9
"2012_39",2012,"Mumbai","DC","MI","MI","Dale Steyn","Wankhede Stadium, Mumbai, Maharashtra",186,15,201,15
"2012_40",2012,"Chennai","CSK","KKR","KKR","Gautam Gambhir","M.A.Chidambaram Stadium Chennai, Tamil Nadu",260,19,279,10
"2012_41",2012,"Cuttack","DC","PW","DC","Kumar Sangakkara","Barabati Stadium",342,17,359,9
"2012_42",2012,"Jaipur","RR","DD","DD","Pawan Negi","Sawai Man Singh Stadium, Jaipur, Rajasthan",271,14,285,10
"2012_43",2012,"Bangalore","RCB","KXI","KXI","Azhar Mahmood","M.Chinnaswamy Stadium Bengaluru, Karnataka",311,10,321,11
"2012_44",2012,"Pune","MI","PW","MI","Lasith Malinga","Subrata Roy Sahara Stadium",222,17,239,15
"2012_45",2012,"Chennai","CSK","DC","CSK","Suresh Raina","M.A.Chidambaram Stadium Chennai, Tamil Nadu",298,12,310,11
"2012_46",2012,"Kolkata","KKR","PW","KKR","Sunil Narine","Eden Garden Stadium, Kolkata, West Bengal",264,29,293,13
"2012_47",2012,"Chandigarh","RR","KXI","RR","Shane Watson","I.S. Bindra Punjab Cricket Association Stadium, Mohali",293,18,311,14
"2012_48",2012,"Mumbai","CSK","MI","MI","Dwayne Smith","Wankhede Stadium, Mumbai, Maharashtra",335,12,347,16
"2012_49",2012,"Bangalore","DC","RCB","RCB","AB De Villiers","M.Chinnaswamy Stadium Bengaluru, Karnataka",354,12,366,7
"2012_50",2012,"Delhi","DD","KKR","KKR","Jacques Kallis","Feroz Shah Kotla Stadium, Delhi",277,30,307,13
"2012_51",2012,"Pune","PW","RR","RR","Shane Watson","Subrata Roy Sahara Stadium",241,10,251,9
"2012_52",2012,"Hyderabad","KXI","DC","KXI","Mandeep Singh","Rajiv Gandhi International Stadium, Hyderabad",296,19,315,13
"2012_53",2012,"Mumbai","MI","RCB","RCB","Chris Gayle","Wankhede Stadium, Mumbai, Maharashtra",271,12,283,7
"2012_54",2012,"Jaipur","RR","CSK","CSK","Ben Hilfenhaus","Sawai Man Singh Stadium, Jaipur, Rajasthan",228,25,253,12
"2012_55",2012,"Pune","RCB","PW","RCB","Chris Gayle","Subrata Roy Sahara Stadium",298,13,311,12
"2012_56",2012,"Kolkata","MI","KKR","MI","Rohit Sharma","Eden Garden Stadium, Kolkata, West Bengal",328,9,337,5
"2012_57",2012,"Chennai","DD","CSK","CSK","Ben Hilfenhaus","M.A.Chidambaram Stadium Chennai, Tamil Nadu",221,8,229,6
"2012_58",2012,"Jaipur","RR","PW","RR","Ajit Chandila","Sawai Man Singh Stadium, Jaipur, Rajasthan",288,7,295,13
"2012_59",2012,"Chandigarh","DC","KXI","KXI","David Hussey","I.S. Bindra Punjab Cricket Association Stadium, Mohali",367,17,384,10
"2012_60",2012,"Bangalore","RCB","MI","MI","Ambati Rayudu","M.Chinnaswamy Stadium Bengaluru, Karnataka",319,25,344,11
"2012_61",2012,"Kolkata","KKR","CSK","CSK","Michael Hussey","Eden Garden Stadium, Kolkata, West Bengal",310,8,318,11
"2012_62",2012,"Delhi","KXI","DD","DD","Umesh Yadav","Feroz Shah Kotla Stadium, Delhi",270,6,276,13
"2012_63",2012,"Mumbai","KKR","MI","KKR","Sunil Narine","Wankhede Stadium, Mumbai, Maharashtra",230,18,248,17
"2012_64",2012,"Dharamsala","CSK","KXI","KXI","Adam Gilchrist","Himachal Pradesh Cricket Association Stadium",234,9,243,11
"2012_65",2012,"Delhi","RCB","DD","RCB","Chris Gayle","Feroz Shah Kotla Stadium, Delhi",398,11,409,10
"2012_66",2012,"Hyderabad","RR","DC","DC","Dale Steyn","Rajiv Gandhi International Stadium, Hyderabad",238,16,254,13
"2012_67",2012,"Dharamsala","KXI","DD","DD","Umesh Yadav","Himachal Pradesh Cricket Association Stadium",269,17,286,12
"2012_68",2012,"Pune","KKR","PW","KKR","Shakib Al Hasan","Subrata Roy Sahara Stadium",221,17,238,12
"2012_69",2012,"Hyderabad","DC","RCB","DC","Dale Steyn","Rajiv Gandhi International Stadium, Hyderabad",242,13,255,16
"2012_70",2012,"Jaipur","RR","MI","MI","Dwayne Smith","Sawai Man Singh Stadium, Jaipur, Rajasthan",293,32,325,6
"2012_71",2012,"Pune","KKR","DD","KKR","Yusuf Pathan","Subrata Roy Sahara Stadium",288,18,306,12
"2012_72",2012,"Bangalore","CSK","MI","CSK","Mahendra Singh Dhoni","M.Chinnaswamy Stadium Bengaluru, Karnataka",320,16,336,14
"2012_73",2012,"Chennai","CSK","DD","CSK","Murali Vijay","M.A.Chidambaram Stadium Chennai, Tamil Nadu",341,17,358,15
"2012_74",2012,"Chennai","CSK","KKR","KKR","Manvinder Bisla","M.A.Chidambaram Stadium Chennai, Tamil Nadu",367,15,382,8
"2013_1",2013,"Kolkata","DD","KKR","KKR","Sunil Narine","Eden Garden Stadium, Kolkata, West Bengal",246,11,257,14
"2013_2",2013,"Bangalore","RCB","MI","RCB","Chris Gayle","M.Chinnaswamy Stadium Bengaluru, Karnataka",286,24,310,10
"2013_3",2013,"Hyderabad","SRH","PW","SRH","Amit Mishra","Rajiv Gandhi International Stadium, Hyderabad",225,5,230,16
"2013_4",2013,"Delhi","RR","DD","RR","Rahul Dravid","Feroz Shah Kotla Stadium, Delhi",305,20,325,13
"2013_5",2013,"Chennai","MI","CSK","MI","Kieron Pollard","M.A.Chidambaram Stadium Chennai, Tamil Nadu",271,16,287,15
"2013_6",2013,"Pune","PW","KXI","KXI","Manan Vohra","Subrata Roy Sahara Stadium",193,6,199,11
"2013_7",2013,"Hyderabad","RCB","SRH","SRH","G H Vihari","Rajiv Gandhi International Stadium, Hyderabad",236,24,260,15
"2013_8",2013,"Jaipur","RR","KKR","RR","Siddharth Trivedi","Sawai Man Singh Stadium, Jaipur, Rajasthan",249,20,269,16
"2013_9",2013,"Mumbai","MI","DD","MI","Dinesh Karthik","Wankhede Stadium, Mumbai, Maharashtra",354,20,374,14
"2013_10",2013,"Chandigarh","KXI","CSK","CSK","Michael Hussey","I.S. Bindra Punjab Cricket Association Stadium, Mohali",266,11,277,10
"2013_11",2013,"Bangalore","KKR","RCB","RCB","Chris Gayle","M.Chinnaswamy Stadium Bengaluru, Karnataka",296,16,312,10
"2013_12",2013,"Pune","RR","PW","PW","Aaron Finch","Subrata Roy Sahara Stadium",280,13,293,8
"2013_13",2013,"Delhi","DD","SRH","SRH","Amit Mishra","Feroz Shah Kotla Stadium, Delhi",219,10,229,15
"2013_14",2013,"Mumbai","MI","PW","MI","Rohit Sharma","Wankhede Stadium, Mumbai, Maharashtra",317,8,325,11
"2013_15",2013,"Chennai","RCB","CSK","CSK","Ravindra Jadeja","M.A.Chidambaram Stadium Chennai, Tamil Nadu",315,16,331,12
"2013_16",2013,"Kolkata","KKR","SRH","KKR","Gautam Gambhir","Eden Garden Stadium, Kolkata, West Bengal",292,20,312,11
"2013_17",2013,"Jaipur","KXI","RR","RR","James Faulkner","Sawai Man Singh Stadium, Jaipur, Rajasthan",231,19,250,14
"2013_18",2013,"Chennai","PW","CSK","PW","Steven Smith","M.A.Chidambaram Stadium Chennai, Tamil Nadu",284,10,294,13
"2013_19",2013,"Chandigarh","KXI","KKR","KXI","Manpreet Gony","I.S. Bindra Punjab Cricket Association Stadium, Mohali",292,18,310,18
"2013_20",2013,"Bangalore","DD","RCB","RCB","Virat Kohli","M.Chinnaswamy Stadium Bengaluru, Karnataka",295,9,304,14
"2013_21",2013,"Pune","SRH","PW","SRH","Amit Mishra","Subrata Roy Sahara Stadium",222,5,227,18
"2013_22",2013,"Jaipur","RR","MI","RR","Ajinkya Rahane","Sawai Man Singh Stadium, Jaipur, Rajasthan",249,22,271,13
"2013_23",2013,"Delhi","CSK","DD","CSK","Michael Hussey","Feroz Shah Kotla Stadium, Delhi",239,13,252,14
"2013_24",2013,"Hyderabad","KXI","SRH","SRH","G H Vihari","Rajiv Gandhi International Stadium, Hyderabad",237,13,250,14
"2013_25",2013,"Kolkata","KKR","CSK","CSK","Ravindra Jadeja","Eden Garden Stadium, Kolkata, West Bengal",233,10,243,15
"2013_26",2013,"Bangalore","RR","RCB","RCB","Vinay Kumar","M.Chinnaswamy Stadium Bengaluru, Karnataka",224,16,240,13
"2013_27",2013,"Delhi","MI","DD","DD","Virender Sehwag","Feroz Shah Kotla Stadium, Delhi",319,7,326,5
"2013_28",2013,"Chandigarh","PW","KXI","KXI","David Miller","I.S. Bindra Punjab Cricket Association Stadium, Mohali",360,11,371,7
"2013_29",2013,"Chennai","RR","CSK","CSK","Michael Hussey","M.A.Chidambaram Stadium Chennai, Tamil Nadu",354,17,371,9
"2013_30",2013,"Bangalore","RCB","PW","RCB","Chris Gayle","M.Chinnaswamy Stadium Bengaluru, Karnataka",381,15,396,14
"2013_31",2013,"Dharamsala","KXI","DD","KXI","David Miller","Himachal Pradesh Cricket Association Stadium",313,22,335,11
"2013_32",2013,"Kolkata","KKR","MI","MI","Dwayne Smith","Eden Garden Stadium, Kolkata, West Bengal",311,10,321,11
"2013_33",2013,"Chennai","SRH","CSK","CSK","Mahendra Singh Dhoni","M.A.Chidambaram Stadium Chennai, Tamil Nadu",305,14,319,11
"2013_34",2013,"Kolkata","KXI","KKR","KKR","Jacques Kallis","Eden Garden Stadium, Kolkata, West Bengal",282,17,299,10
"2013_35",2013,"Jaipur","SRH","RR","RR","James Faulkner","Sawai Man Singh Stadium, Jaipur, Rajasthan",277,13,290,11
"2013_36",2013,"Mumbai","MI","RCB","MI","Dwayne Smith","Wankhede Stadium, Mumbai, Maharashtra",310,20,330,14
"2013_37",2013,"Chennai","CSK","KKR","CSK","Michael Hussey","M.A.Chidambaram Stadium Chennai, Tamil Nadu",363,23,386,7
"2013_38",2013,"Raipur","DD","PW","DD","David Warner","Shaheed Veer Narayan Singh International Stadium",293,20,313,9
"2013_39",2013,"Jaipur","RCB","RR","RR","Sanju Samson","Sawai Man Singh Stadium, Jaipur, Rajasthan",329,15,344,12
"2013_40",2013,"Mumbai","MI","KXI","MI","Rohit Sharma","Wankhede Stadium, Mumbai, Maharashtra",323,21,344,13
"2013_41",2013,"Pune","CSK","PW","CSK","Mahendra Singh Dhoni","Subrata Roy Sahara Stadium",281,10,291,12
"2013_42",2013,"Hyderabad","MI","SRH","SRH","Ishant Sharma","Rajiv Gandhi International Stadium, Hyderabad",249,10,259,7
"2013_43",2013,"Raipur","KKR","DD","DD","David Warner","Shaheed Veer Narayan Singh International Stadium",264,9,273,10
"2013_44",2013,"Chennai","CSK","KXI","CSK","Suresh Raina","M.A.Chidambaram Stadium Chennai, Tamil Nadu",351,6,357,10
"2013_45",2013,"Pune","RCB","PW","RCB","AB De Villiers","Subrata Roy Sahara Stadium",339,18,357,12
"2013_46",2013,"Kolkata","RR","KKR","KKR","Yusuf Pathan","Eden Garden Stadium, Kolkata, West Bengal",248,17,265,8
"2013_47",2013,"Hyderabad","DD","SRH","SRH","Darren Sammy","Rajiv Gandhi International Stadium, Hyderabad",152,9,161,14
"2013_48",2013,"Bangalore","RCB","KXI","KXI","Adam Gilchrist","M.Chinnaswamy Stadium Bengaluru, Karnataka",335,15,350,8
"2013_49",2013,"Mumbai","MI","CSK","MI","Mitchell Johnson","Wankhede Stadium, Mumbai, Maharashtra",205,13,218,15
"2013_50",2013,"Jaipur","PW","RR","RR","Ajinkya Rahane","Sawai Man Singh Stadium, Jaipur, Rajasthan",346,14,360,9
"2013_51",2013,"Bangalore","SRH","RCB","RCB","Virat Kohli","M.Chinnaswamy Stadium Bengaluru, Karnataka",313,10,323,9
"2013_52",2013,"Jaipur","DD","RR","RR","Ajinkya Rahane","Sawai Man Singh Stadium, Jaipur, Rajasthan",291,18,309,5
"2013_53",2013,"Mumbai","MI","KKR","MI","Sachin Tendulkar","Wankhede Stadium, Mumbai, Maharashtra",255,20,275,16
"2013_54",2013,"Hyderabad","CSK","SRH","CSK","Suresh Raina","Rajiv Gandhi International Stadium, Hyderabad",355,14,369,11
"2013_55",2013,"Chandigarh","KXI","RR","RR","Kevon Cooper","I.S. Bindra Punjab Cricket Association Stadium, Mohali",277,15,292,8
"2013_56",2013,"Pune","KKR","PW","KKR","Gautam Gambhir","Subrata Roy Sahara Stadium",243,15,258,16
"2013_57",2013,"Delhi","RCB","DD","RCB","Jaydev Unadkat","Feroz Shah Kotla Stadium, Delhi",346,16,362,11
"2013_58",2013,"Pune","PW","MI","MI","Mitchell Johnson","Subrata Roy Sahara Stadium",220,8,228,13
"2013_59",2013,"Chandigarh","SRH","KXI","SRH","Parthiv Patel","I.S. Bindra Punjab Cricket Association Stadium, Mohali",258,12,270,16
"2013_60",2013,"Ranchi","RCB","KKR","KKR","Jacques Kallis","JSCA International Stadium Complex",223,8,231,14
"2013_61",2013,"Jaipur","CSK","RR","RR","Shane Watson","Sawai Man Singh Stadium, Jaipur, Rajasthan",276,9,285,9
"2013_62",2013,"Delhi","DD","KXI","KXI","Harmeet Singh","Feroz Shah Kotla Stadium, Delhi",228,13,241,12
"2013_63",2013,"Mumbai","SRH","MI","MI","Kieron Pollard","Wankhede Stadium, Mumbai, Maharashtra",348,14,362,7
"2013_64",2013,"Ranchi","PW","KKR","PW","Manish Pandey","JSCA International Stadium Complex",317,16,333,11
"2013_65",2013,"Chennai","CSK","DD","CSK","Mahendra Singh Dhoni","M.A.Chidambaram Stadium Chennai, Tamil Nadu",284,19,303,13
"2013_66",2013,"Mumbai","MI","RR","MI","Aditya Tare","Wankhede Stadium, Mumbai, Maharashtra",295,23,318,15
"2013_67",2013,"Chandigarh","RCB","KXI","KXI","David Miller","I.S. Bindra Punjab Cricket Association Stadium, Mohali",363,21,384,7
"2013_68",2013,"Hyderabad","SRH","RR","SRH","Amit Mishra","Rajiv Gandhi International Stadium, Hyderabad",228,21,249,18
"2013_69",2013,"Dharamsala","KXI","MI","KXI","Azhar Mahmood","Himachal Pradesh Cricket Association Stadium",300,16,316,17
"2013_70",2013,"Pune","PW","DD","PW","Luke Wright","Subrata Roy Sahara Stadium",285,21,306,14
"2013_71",2013,"Bangalore","RCB","CSK","RCB","Virat Kohli","M.Chinnaswamy Stadium Bengaluru, Karnataka",181,7,188,8
"2013_72",2013,"Hyderabad","KKR","SRH","SRH","Parthiv Patel","Rajiv Gandhi International Stadium, Hyderabad",239,23,262,12
"2013_73",2013,"Delhi","CSK","MI","CSK","Michael Hussey","Feroz Shah Kotla Stadium, Delhi",330,6,336,11
"2013_74",2013,"Delhi","SRH","RR","RR","Brad Hodge","Feroz Shah Kotla Stadium, Delhi",257,10,267,13
"2013_75",2013,"Kolkata","RR","MI","MI","Harbhajan Singh","Eden Garden Stadium, Kolkata, West Bengal",310,24,334,12
"2013_76",2013,"Kolkata","MI","CSK","MI","Kieron Pollard","Eden Garden Stadium, Kolkata, West Bengal",259,14,273,18
"2014_1",2014,"Abu Dhabi","KKR","MI","KKR","Jacques Kallis","Sheikh Zayed Stadium",272,13,285,12
"2014_2",2014,"Sharjah","DD","RCB","RCB","Yuzvendra Chahal","Sharjah Cricket Stadium",277,14,291,6
"2014_3",2014,"Abu Dhabi","CSK","KXI","KXI","Glenn Maxwell","Sheikh Zayed Stadium",391,20,411,8
"2014_4",2014,"Abu Dhabi","SRH","RR","RR","Ajinkya Rahane","Sheikh Zayed Stadium",248,20,268,12
"2014_5",2014,"Dubai","MI","RCB","RCB","Parthiv Patel","Dubai International Cricket Stadium",217,14,231,12
"2014_6",2014,"Dubai","KKR","DD","DD","J P Duminy","Dubai International Cricket Stadium",308,25,333,11
"2014_7",2014,"Sharjah","RR","KXI","KXI","Glenn Maxwell","Sharjah Cricket Stadium",369,15,384,8
"2014_8",2014,"Abu Dhabi","CSK","DD","CSK","Suresh Raina","Sheikh Zayed Stadium",253,8,261,16
"2014_9",2014,"Sharjah","KXI","SRH","KXI","Glenn Maxwell","Sharjah Cricket Stadium",297,17,314,16
"2014_10",2014,"Dubai","CSK","RR","CSK","Ravindra Jadeja","Dubai International Cricket Stadium",258,15,273,16
"2014_11",2014,"Sharjah","KKR","RCB","KKR","Chris Lynn","Sharjah Cricket Stadium",283,15,298,12
"2014_12",2014,"Dubai","SRH","DD","SRH","Aaron Finch","Dubai International Cricket Stadium",353,11,364,5
"2014_13",2014,"Dubai","MI","CSK","CSK","Mohit Sharma","Dubai International Cricket Stadium",275,8,283,10
"2014_14",2014,"Abu Dhabi","RCB","RR","RR","Pravin Tambe","Sheikh Zayed Stadium",134,7,141,14
"2014_15",2014,"Abu Dhabi","KXI","KKR","KXI","Sandeep Sharma","Sheikh Zayed Stadium",226,15,241,19
"2014_16",2014,"Sharjah","MI","DD","DD","Murali Vijay","Sharjah Cricket Stadium",231,20,251,11
"2014_17",2014,"Sharjah","SRH","CSK","CSK","Dwayne Smith","Sharjah Cricket Stadium",271,20,291,10
"2014_18",2014,"Dubai","RCB","KXI","KXI","Sandeep Sharma","Dubai International Cricket Stadium",229,22,251,13
"2014_19",2014,"Abu Dhabi","RR","KKR","RR","James Faulkner","Sheikh Zayed Stadium",288,16,304,15
"2014_20",2014,"Dubai","SRH","MI","SRH","B Kumar","Dubai International Cricket Stadium",302,27,329,12
"2014_21",2014,"Ranchi","CSK","KKR","CSK","Ravindra Jadeja","JSCA International Stadium Complex",252,10,262,12
"2014_22",2014,"Mumbai","KXI","MI","MI","Corey Anderson","Wankhede Stadium, Mumbai, Maharashtra",319,19,338,10
"2014_23",2014,"Delhi","DD","RR","RR","Karun Nair","Feroz Shah Kotla Stadium, Delhi",300,8,308,8
"2014_24",2014,"Bangalore","SRH","RCB","RCB","AB De Villiers","M.Chinnaswamy Stadium Bengaluru, Karnataka",298,15,313,12
"2014_25",2014,"Ahmedabad","RR","KKR","RR","Pravin Tambe","Sardar Patel Stadium, Motera",313,17,330,12
"2014_26",2014,"Delhi","DD","CSK","CSK","Dwayne Smith","Feroz Shah Kotla Stadium, Delhi",337,22,359,7
"2014_27",2014,"Mumbai","MI","RCB","MI","Rohit Sharma","Wankhede Stadium, Mumbai, Maharashtra",320,35,355,13
"2014_28",2014,"Delhi","DD","KKR","KKR","Gautam Gambhir","Feroz Shah Kotla Stadium, Delhi",301,20,321,7
"2014_29",2014,"Cuttack","KXI","CSK","KXI","Glenn Maxwell","Barabati Stadium",404,14,418,10
"2014_30",2014,"Ahmedabad","SRH","RR","SRH","B Kumar","Sardar Patel Stadium, Motera",214,22,236,19
"2014_31",2014,"Bangalore","KXI","RCB","KXI","Sandeep Sharma","M.Chinnaswamy Stadium Bengaluru, Karnataka",343,21,364,17
"2014_32",2014,"Delhi","DD","SRH","SRH","Dale Steyn","Feroz Shah Kotla Stadium, Delhi",171,16,187,9
"2014_33",2014,"Mumbai","MI","CSK","CSK","Dwayne Smith","Wankhede Stadium, Mumbai, Maharashtra",301,16,317,12
"2014_34",2014,"Cuttack","KXI","KKR","KKR","Gautam Gambhir","Barabati Stadium",290,9,299,9
"2014_35",2014,"Bangalore","RCB","RR","RR","James Faulkner","M.Chinnaswamy Stadium Bengaluru, Karnataka",367,14,381,10
"2014_36",2014,"Hyderabad","SRH","MI","MI","Ambati Rayudu","Rajiv Gandhi International Stadium, Hyderabad",308,9,317,6
"2014_37",2014,"Ranchi","RR","CSK","CSK","Ravindra Jadeja","JSCA International Stadium Complex",277,20,297,13
"2014_38",2014,"Bangalore","RCB","DD","RCB","Yuvraj Singh","M.Chinnaswamy Stadium Bengaluru, Karnataka",337,19,356,11
"2014_39",2014,"Hyderabad","SRH","KXI","KXI","Wriddhiman Saha","Rajiv Gandhi International Stadium, Hyderabad",397,19,416,9
"2014_40",2014,"Cuttack","MI","KKR","KKR","Robin Uthappa","Barabati Stadium",271,12,283,9
"2014_41",2014,"Ahmedabad","RR","DD","RR","Ajinkya Rahane","Sardar Patel Stadium, Motera",316,24,340,15
"2014_42",2014,"Ranchi","CSK","RCB","RCB","AB De Villiers","JSCA International Stadium Complex",261,19,280,9
"2014_43",2014,"Hyderabad","SRH","KKR","KKR","Umesh Yadav","Rajiv Gandhi International Stadium, Hyderabad",277,11,288,11
"2014_44",2014,"Ahmedabad","MI","RR","MI","Michael Hussey","Sardar Patel Stadium, Motera",317,14,331,11
"2014_45",2014,"Delhi","DD","KXI","KXI","Axar Patel","Feroz Shah Kotla Stadium, Delhi",309,20,329,13
"2014_46",2014,"Hyderabad","RCB","SRH","SRH","David Warner","Rajiv Gandhi International Stadium, Hyderabad",307,14,321,9
"2014_47",2014,"Kolkata","CSK","KKR","KKR","Robin Uthappa","Eden Garden Stadium, Kolkata, West Bengal",303,7,310,6
"2014_48",2014,"Chandigarh","KXI","MI","MI","Lendl Simmons","I.S. Bindra Punjab Cricket Association Stadium, Mohali",297,18,315,11
"2014_49",2014,"Kolkata","KKR","RCB","KKR","Robin Uthappa","Eden Garden Stadium, Kolkata, West Bengal",343,17,360,9
"2014_50",2014,"Ranchi","CSK","SRH","SRH","David Warner","JSCA International Stadium Complex",361,13,374,7
"2014_51",2014,"Mumbai","MI","DD","MI","Michael Hussey","Wankhede Stadium, Mumbai, Maharashtra",316,15,331,14
"2014_52",2014,"Chandigarh","KXI","RR","KXI","Shaun Marsh","I.S. Bindra Punjab Cricket Association Stadium, Mohali",321,21,342,12
"2014_53",2014,"Bangalore","RCB","CSK","CSK","Mahendra Singh Dhoni","M.Chinnaswamy Stadium Bengaluru, Karnataka",303,11,314,8
"2014_54",2014,"Kolkata","SRH","KKR","KKR","Yusuf Pathan","Eden Garden Stadium, Kolkata, West Bengal",295,26,321,13
"2014_55",2014,"Chandigarh","DD","KXI","KXI","Manan Vohra","I.S. Bindra Punjab Cricket Association Stadium, Mohali",212,22,234,13
"2014_56",2014,"Mumbai","RR","MI","MI","Corey Anderson","Wankhede Stadium, Mumbai, Maharashtra",372,12,384,9
"2014_57",2014,"Kolkata","KKR","KXI","KKR","Umesh Yadav","Eden Garden Stadium, Kolkata, West Bengal",286,12,298,16
"2014_58",2014,"Mumbai","MI","CSK","CSK","Suresh Raina","Brabourne Stadium",338,11,349,11
"2014_59",2014,"Mumbai","KXI","CSK","KXI","Virender Sehwag","Wankhede Stadium, Mumbai, Maharashtra",401,27,428,13
"2014_60",2014,"Bangalore","KXI","KKR","KKR","Manish Pandey","M.Chinnaswamy Stadium Bengaluru, Karnataka",385,14,399,11
"2015_1",2015,"Kolkata","MI","KKR","KKR","Morne Morkel","Eden Garden Stadium, Kolkata, West Bengal",331,7,338,6
"2015_2",2015,"Chennai","CSK","DD","CSK","Ashish Nehra","M.A.Chidambaram Stadium Chennai, Tamil Nadu",280,19,299,16
"2015_3",2015,"Pune","RR","KXI","RR","James Faulkner","Maharashtra Cricket Association Stadium",268,30,298,15
"2015_4",2015,"Chennai","CSK","SRH","CSK","Brendon McCullum","M.A.Chidambaram Stadium Chennai, Tamil Nadu",347,26,373,10
"2015_5",2015,"Kolkata","KKR","RCB","RCB","Chris Gayle","Eden Garden Stadium, Kolkata, West Bengal",342,14,356,13
"2015_6",2015,"Delhi","DD","RR","RR","Deepak Hooda","Feroz Shah Kotla Stadium, Delhi",355,15,370,10
"2015_7",2015,"Mumbai","KXI","MI","KXI","George Bailey","Wankhede Stadium, Mumbai, Maharashtra",322,14,336,12
"2015_8",2015,"Bangalore","RCB","SRH","SRH","David Warner","M.Chinnaswamy Stadium Bengaluru, Karnataka",306,32,338,12
"2015_9",2015,"Ahmedabad","MI","RR","RR","Steven Smith","Sardar Patel Stadium, Motera",320,9,329,9
"2015_10",2015,"Kolkata","CSK","KKR","KKR","Andre Russell","Eden Garden Stadium, Kolkata, West Bengal",304,30,334,12
"2015_11",2015,"Pune","KXI","DD","DD","Mayank Agarwal","Maharashtra Cricket Association Stadium",315,19,334,12
"2015_12",2015,"Visakhapatnam","SRH","RR","RR","Ajinkya Rahane","Dr. Y.S. Rajasekhara Reddy ACA-VDCA Cricket Stadium",245,13,258,9
"2015_13",2015,"Mumbai","MI","CSK","CSK","Ashish Nehra","Wankhede Stadium, Mumbai, Maharashtra",354,18,372,11
"2015_14",2015,"Visakhapatnam","DD","SRH","DD","J P Duminy","Dr. Y.S. Rajasekhara Reddy ACA-VDCA Cricket Stadium",317,13,330,12
"2015_15",2015,"Pune","KXI","KKR","KKR","Andre Russell","Maharashtra Cricket Association Stadium",299,15,314,15
"2015_16",2015,"Ahmedabad","CSK","RR","RR","Ajinkya Rahane","Sardar Patel Stadium, Motera",306,7,313,6
"2015_17",2015,"Bangalore","MI","RCB","MI","Harbhajan Singh","M.Chinnaswamy Stadium Bengaluru, Karnataka",367,33,400,14
"2015_18",2015,"Delhi","DD","KKR","KKR","Umesh Yadav","Feroz Shah Kotla Stadium, Delhi",273,20,293,12
"2015_19",2015,"Ahmedabad","RR","KXI","KXI","Shaun Marsh","Sardar Patel Stadium, Motera",367,15,382,16
"2015_20",2015,"Visakhapatnam","SRH","KKR","SRH","David Warner","Dr. Y.S. Rajasekhara Reddy ACA-VDCA Cricket Stadium",270,7,277,8
"2015_21",2015,"Bangalore","CSK","RCB","CSK","Suresh Raina","M.Chinnaswamy Stadium Bengaluru, Karnataka",319,16,335,16
"2015_22",2015,"Delhi","DD","MI","DD","Shreyas Iyer","Feroz Shah Kotla Stadium, Delhi",324,19,343,13
"2015_23",2015,"Ahmedabad","RR","RCB","RCB","Mitchell Starc","Sardar Patel Stadium, Motera",255,9,264,10
"2015_24",2015,"Mumbai","MI","SRH","MI","Lasith Malinga","Wankhede Stadium, Mumbai, Maharashtra",279,15,294,16
"2015_25",2015,"Chennai","CSK","KXI","CSK","Brendon McCullum","M.A.Chidambaram Stadium Chennai, Tamil Nadu",267,20,287,12
"2015_26",2015,"Delhi","DD","RCB","RCB","Varun Aaron","Feroz Shah Kotla Stadium, Delhi",184,10,194,10
"2015_27",2015,"Chandigarh","SRH","KXI","SRH","Trent Boult","I.S. Bindra Punjab Cricket Association Stadium, Mohali",272,8,280,15
"2015_28",2015,"Kolkata","KKR","DD","KKR","Piyush Chawla","Eden Garden Stadium, Kolkata, West Bengal",310,19,329,13
"2015_29",2015,"Bangalore","RCB","RR",NA,NA,"M.Chinnaswamy Stadium Bengaluru, Karnataka",184,16,200,7
"2015_30",2015,"Chennai","CSK","KKR","CSK","Dwayne Bravo","M.A.Chidambaram Stadium Chennai, Tamil Nadu",249,17,266,15
"2015_31",2015,"Delhi","KXI","DD","DD","Nathan Coulter-Nile","Feroz Shah Kotla Stadium, Delhi",221,16,237,9
"2015_32",2015,"Mumbai","MI","RR","MI","Ambati Rayudu","Wankhede Stadium, Mumbai, Maharashtra",345,21,366,12
"2015_33",2015,"Bangalore","KKR","RCB","RCB","Mandeep Singh","M.Chinnaswamy Stadium Bengaluru, Karnataka",214,12,226,7
"2015_34",2015,"Hyderabad","SRH","CSK","SRH","David Warner","Rajiv Gandhi International Stadium, Hyderabad",350,12,362,13
"2015_35",2015,"Chandigarh","MI","KXI","MI","Lendl Simmons","I.S. Bindra Punjab Cricket Association Stadium, Mohali",304,17,321,10
"2015_36",2015,"Mumbai","RR","DD","RR","Ajinkya Rahane","Brabourne Stadium",341,23,364,9
"2015_37",2015,"Chennai","CSK","RCB","CSK","Suresh Raina","M.A.Chidambaram Stadium Chennai, Tamil Nadu",265,7,272,19
"2015_38",2015,"Kolkata","KKR","SRH","KKR","Umesh Yadav","Eden Garden Stadium, Kolkata, West Bengal",288,11,299,16
"2015_39",2015,"Mumbai","DD","MI","MI","Harbhajan Singh","Wankhede Stadium, Mumbai, Maharashtra",292,13,305,11
"2015_40",2015,"Bangalore","RCB","KXI","RCB","Chris Gayle","M.Chinnaswamy Stadium Bengaluru, Karnataka",294,20,314,13
"2015_41",2015,"Mumbai","SRH","RR","SRH","Eoin Morgan","Brabourne Stadium",373,22,395,11
"2015_42",2015,"Chennai","CSK","MI","MI","Hardik Pandya","M.A.Chidambaram Stadium Chennai, Tamil Nadu",309,8,317,9
"2015_43",2015,"Kolkata","KXI","KKR","KKR","Andre Russell","Eden Garden Stadium, Kolkata, West Bengal",351,16,367,14
"2015_44",2015,"Raipur","SRH","DD","SRH","Moises Henriques","Shaheed Veer Narayan Singh International Stadium",312,8,320,8
"2015_45",2015,"Mumbai","RCB","MI","RCB","AB De Villiers","Wankhede Stadium, Mumbai, Maharashtra",420,11,431,8
"2015_46",2015,"Chennai","CSK","RR","CSK","Ravindra Jadeja","M.A.Chidambaram Stadium Chennai, Tamil Nadu",288,14,302,14
"2015_47",2015,"Hyderabad","SRH","KXI","SRH","David Warner","Rajiv Gandhi International Stadium, Hyderabad",353,12,365,12
"2015_48",2015,"Raipur","CSK","DD","DD","Zaheer Khan","Shaheed Veer Narayan Singh International Stadium",232,7,239,10
"2015_49",2015,"Chandigarh","KXI","RCB","KXI","Axar Patel","I.S. Bindra Punjab Cricket Association Stadium, Mohali",178,12,190,12
"2015_50",2015,"Mumbai","MI","KKR","MI","Hardik Pandya","Wankhede Stadium, Mumbai, Maharashtra",319,18,337,11
"2015_51",2015,"Hyderabad","SRH","RCB","RCB","Virat Kohli","Rajiv Gandhi International Stadium, Hyderabad",210,8,218,7
"2015_52",2015,"Chandigarh","KXI","CSK","CSK","Pawan Negi","I.S. Bindra Punjab Cricket Association Stadium, Mohali",249,15,264,10
"2015_53",2015,"Mumbai","RR","KKR","RR","Shane Watson","Brabourne Stadium",353,36,389,15
"2015_54",2015,"Bangalore","DD","RCB",NA,NA,"M.Chinnaswamy Stadium Bengaluru, Karnataka",183,6,189,5
"2015_55",2015,"Hyderabad","SRH","MI","MI","Mitchell McClenaghan","Rajiv Gandhi International Stadium, Hyderabad",213,14,227,11
"2015_56",2015,"Mumbai","MI","CSK","MI","Kieron Pollard","Wankhede Stadium, Mumbai, Maharashtra",332,17,349,16
"2015_57",2015,"Pune","RCB","RR","RCB","AB De Villiers","Maharashtra Cricket Association Stadium",274,15,289,14
"2015_58",2015,"Ranchi","RCB","CSK","CSK","Ashish Nehra","JSCA International Stadium Complex",265,14,279,15
"2015_59",2015,"Kolkata","MI","CSK","MI","Rohit Sharma","Eden Garden Stadium, Kolkata, West Bengal",350,13,363,13
"2016_1",2016,"Mumbai","MI","RPS","RPS","Ajinkya Rahane","Wankhede Stadium, Mumbai, Maharashtra",229,18,247,9
"2016_2",2016,"Kolkata","DD","KKR","KKR","Andre Russell","Eden Garden Stadium, Kolkata, West Bengal",174,23,197,11
"2016_3",2016,"Chandigarh","KXI","GL","GL","Aaron Finch","I.S. Bindra Punjab Cricket Association Stadium, Mohali",310,13,323,11
"2016_4",2016,"Bangalore","RCB","SRH","RCB","AB De Villiers","M.Chinnaswamy Stadium Bengaluru, Karnataka",391,18,409,10
"2016_5",2016,"Kolkata","KKR","MI","MI","Rohit Sharma","Eden Garden Stadium, Kolkata, West Bengal",355,20,375,9
"2016_6",2016,"Rajkot","RPS","GL","GL","Aaron Finch","Saurashtra Cricket Association Stadium",310,17,327,8
"2016_7",2016,"Delhi","KXI","DD","DD","Amit Mishra","Feroz Shah Kotla Stadium, Delhi",210,14,224,11
"2016_8",2016,"Hyderabad","SRH","KKR","KKR","Gautam Gambhir","Rajiv Gandhi International Stadium, Hyderabad",275,13,288,9
"2016_9",2016,"Mumbai","MI","GL","GL","Aaron Finch","Wankhede Stadium, Mumbai, Maharashtra",269,21,290,15
"2016_10",2016,"Chandigarh","RPS","KXI","KXI","Manan Vohra","I.S. Bindra Punjab Cricket Association Stadium, Mohali",292,13,305,11
"2016_11",2016,"Bangalore","RCB","DD","DD","Quinton de Kock","M.Chinnaswamy Stadium Bengaluru, Karnataka",360,23,383,8
"2016_12",2016,"Hyderabad","MI","SRH","SRH","David Warner","Rajiv Gandhi International Stadium, Hyderabad",274,13,287,9
"2016_13",2016,"Chandigarh","KXI","KKR","KKR","Robin Uthappa","I.S. Bindra Punjab Cricket Association Stadium, Mohali",264,15,279,12
"2016_14",2016,"Mumbai","RCB","MI","MI","Rohit Sharma","Wankhede Stadium, Mumbai, Maharashtra",325,16,341,11
"2016_15",2016,"Rajkot","GL","SRH","SRH","B Kumar","Saurashtra Cricket Association Stadium",257,15,272,8
"2016_16",2016,"Pune","RCB","RPS","RCB","AB De Villiers","Maharashtra Cricket Association Stadium",338,19,357,12
"2016_17",2016,"Delhi","DD","MI","DD","Sanju Samson","Feroz Shah Kotla Stadium, Delhi",303,15,318,11
"2016_18",2016,"Hyderabad","KXI","SRH","SRH","Mustafizur Rahman","Rajiv Gandhi International Stadium, Hyderabad",279,10,289,11
"2016_19",2016,"Rajkot","RCB","GL","GL","Virat Kohli","Saurashtra Cricket Association Stadium",345,17,362,6
"2016_20",2016,"Pune","RPS","KKR","KKR","Surya Kumar Yadav","Maharashtra Cricket Association Stadium",306,16,322,13
"2016_21",2016,"Chandigarh","MI","KXI","MI","Parthiv Patel","I.S. Bindra Punjab Cricket Association Stadium, Mohali",343,10,353,13
"2016_22",2016,"Hyderabad","SRH","RPS","RPS","Ashok Dinda","Rajiv Gandhi International Stadium, Hyderabad",191,21,212,11
"2016_23",2016,"Delhi","GL","DD","GL","Chris Morris","Feroz Shah Kotla Stadium, Delhi",337,6,343,11
"2016_24",2016,"Mumbai","KKR","MI","MI","Rohit Sharma","Wankhede Stadium, Mumbai, Maharashtra",346,6,352,9
"2016_25",2016,"Pune","RPS","GL","GL","Dwayne Smith","Maharashtra Cricket Association Stadium",377,14,391,10
"2016_26",2016,"Delhi","DD","KKR","DD","Carlos Brathwaite","Feroz Shah Kotla Stadium, Delhi",322,23,345,18
"2016_27",2016,"Hyderabad","SRH","RCB","SRH","David Warner","Rajiv Gandhi International Stadium, Hyderabad",365,8,373,11
"2016_28",2016,"Rajkot","KXI","GL","KXI","Axar Patel","Saurashtra Cricket Association Stadium",277,8,285,19
"2016_29",2016,"Pune","RPS","MI","MI","Rohit Sharma","Maharashtra Cricket Association Stadium",306,14,320,7
"2016_30",2016,"Bangalore","RCB","KKR","KKR","Andre Russell","M.Chinnaswamy Stadium Bengaluru, Karnataka",351,23,374,12
"2016_31",2016,"Rajkot","GL","DD","DD","Rishabh Pant","Saurashtra Cricket Association Stadium",290,9,299,9
"2016_32",2016,"Kolkata","KKR","KXI","KKR","Andre Russell","Eden Garden Stadium, Kolkata, West Bengal",304,17,321,12
"2016_33",2016,"Delhi","DD","RPS","RPS","Ajinkya Rahane","Feroz Shah Kotla Stadium, Delhi",309,19,328,10
"2016_34",2016,"Hyderabad","GL","SRH","SRH","B Kumar","Rajiv Gandhi International Stadium, Hyderabad",244,11,255,11
"2016_35",2016,"Bangalore","RPS","RCB","RCB","Virat Kohli","M.Chinnaswamy Stadium Bengaluru, Karnataka",373,13,386,9
"2016_36",2016,"Chandigarh","KXI","DD","KXI","Marcus Stoinis","I.S. Bindra Punjab Cricket Association Stadium, Mohali",336,17,353,10
"2016_37",2016,"Visakhapatnam","SRH","MI","SRH","Ashish Nehra","Dr. Y.S. Rajasekhara Reddy ACA-VDCA Cricket Stadium",258,11,269,13
"2016_38",2016,"Kolkata","KKR","GL","GL","Praveen Kumar","Eden Garden Stadium, Kolkata, West Bengal",311,11,322,9
"2016_39",2016,"Chandigarh","RCB","KXI","RCB","Shane Watson","I.S. Bindra Punjab Cricket Association Stadium, Mohali",340,9,349,10
"2016_40",2016,"Visakhapatnam","SRH","RPS","SRH","Adam Zampa","Dr. Y.S. Rajasekhara Reddy ACA-VDCA Cricket Stadium",262,8,270,16
"2016_41",2016,"Bangalore","RCB","MI","MI","Krunal Pandya","M.Chinnaswamy Stadium Bengaluru, Karnataka",287,17,304,8
"2016_42",2016,"Hyderabad","SRH","DD","DD","Chris Morris","Rajiv Gandhi International Stadium, Hyderabad",282,14,296,11
"2016_43",2016,"Visakhapatnam","MI","KXI","KXI","Marcus Stoinis","Dr. Y.S. Rajasekhara Reddy ACA-VDCA Cricket Stadium",232,19,251,12
"2016_44",2016,"Bangalore","RCB","GL","RCB","AB De Villiers","M.Chinnaswamy Stadium Bengaluru, Karnataka",336,16,352,13
"2016_45",2016,"Kolkata","RPS","KKR","KKR","Yusuf Pathan","Eden Garden Stadium, Kolkata, West Bengal",153,16,169,8
"2016_46",2016,"Chandigarh","KXI","SRH","SRH","Hashim Amla","I.S. Bindra Punjab Cricket Association Stadium, Mohali",347,12,359,7
"2016_47",2016,"Visakhapatnam","MI","DD","MI","Krunal Pandya","Dr. Y.S. Rajasekhara Reddy ACA-VDCA Cricket Stadium",322,10,332,14
"2016_48",2016,"Kolkata","KKR","RCB","RCB","Virat Kohli","Eden Garden Stadium, Kolkata, West Bengal",354,15,369,6
"2016_49",2016,"Visakhapatnam","DD","RPS","RPS","Ashok Dinda","Dr. Y.S. Rajasekhara Reddy ACA-VDCA Cricket Stadium",188,9,197,7
"2016_50",2016,"Bangalore","RCB","KXI","RCB","Virat Kohli","M.Chinnaswamy Stadium Bengaluru, Karnataka",317,14,331,12
"2016_51",2016,"Kanpur","KKR","GL","GL","Dwayne Smith","Green Park",225,24,249,12
"2016_52",2016,"Raipur","SRH","DD","DD","Karun Nair","Shaheed Veer Narayan Singh International Stadium",302,17,319,11
"2016_53",2016,"Visakhapatnam","KXI","RPS","RPS","Mahendra Singh Dhoni","Dr. Y.S. Rajasekhara Reddy ACA-VDCA Cricket Stadium",333,12,345,13
"2016_54",2016,"Kanpur","MI","GL","GL","Suresh Raina","Green Park",331,14,345,12
"2016_55",2016,"Kolkata","KKR","SRH","KKR","Yusuf Pathan","Eden Garden Stadium, Kolkata, West Bengal",305,15,320,14
"2016_56",2016,"Raipur","DD","RCB","RCB","Virat Kohli","Shaheed Veer Narayan Singh International Stadium",261,16,277,12
"2016_57",2016,"Bangalore","GL","RCB","RCB","AB De Villiers","M.Chinnaswamy Stadium Bengaluru, Karnataka",290,27,317,16
"2016_58",2016,"Delhi","SRH","KKR","SRH","Moises Henriques","Feroz Shah Kotla Stadium, Delhi",287,15,302,16
"2016_59",2016,"Delhi","GL","SRH","SRH","David Warner","Feroz Shah Kotla Stadium, Delhi",318,7,325,13
"2016_60",2016,"Bangalore","SRH","RCB","SRH","Ben Cutting","M.Chinnaswamy Stadium Bengaluru, Karnataka",385,23,408,14
"2017_1",2017,"Hyderabad","SRH","RCB","SRH","Yuvraj Singh","Rajiv Gandhi International Stadium, Hyderabad",366,13,379,14
"2017_2",2017,"Pune","MI","RPS","RPS","Steven Smith","Maharashtra Cricket Association Stadium",359,12,371,11
"2017_3",2017,"Rajkot","GL","KKR","KKR","Chris Lynn","Saurashtra Cricket Association Stadium",348,19,367,4
"2017_4",2017,"Indore","RPS","KXI","KXI","Glenn Maxwell","Holkar Stadium Cricket Stadium, Indore, Madhya Pradesh",311,16,327,10
"2017_5",2017,"Bangalore","RCB","DD","RCB","Kedar Jadhav","M.Chinnaswamy Stadium Bengaluru, Karnataka",288,11,299,17
"2017_6",2017,"Hyderabad","GL","SRH","SRH","Rashid Khan","Rajiv Gandhi International Stadium, Hyderabad",269,6,275,8
"2017_7",2017,"Mumbai","KKR","MI","MI","Nitish Rana","Wankhede Stadium, Mumbai, Maharashtra",337,21,358,13
"2017_8",2017,"Indore","RCB","KXI","KXI","Axar Patel","Holkar Stadium Cricket Stadium, Indore, Madhya Pradesh",288,10,298,6
"2017_9",2017,"Pune","DD","RPS","DD","Sanju Samson","Maharashtra Cricket Association Stadium",300,13,313,14
"2017_10",2017,"Mumbai","SRH","MI","MI","Jasprit Bumrah","Wankhede Stadium, Mumbai, Maharashtra",302,15,317,14
"2017_11",2017,"Kolkata","KXI","KKR","KKR","Sunil Narine","Eden Garden Stadium, Kolkata, West Bengal",314,27,341,11
"2017_12",2017,"Bangalore","RCB","MI","MI","Kieron Pollard","M.Chinnaswamy Stadium Bengaluru, Karnataka",263,24,287,11
"2017_13",2017,"Rajkot","RPS","GL","GL","Andrew Tye","Saurashtra Cricket Association Stadium",333,10,343,11
"2017_14",2017,"Kolkata","KKR","SRH","KKR","Robin Uthappa","Eden Garden Stadium, Kolkata, West Bengal",309,18,327,12
"2017_15",2017,"Delhi","DD","KXI","DD","Corey Anderson","Feroz Shah Kotla Stadium, Delhi",313,12,325,15
"2017_16",2017,"Mumbai","GL","MI","MI","Nitish Rana","Wankhede Stadium, Mumbai, Maharashtra",329,24,353,8
"2017_17",2017,"Bangalore","RPS","RCB","RPS","Ben Stokes","M.Chinnaswamy Stadium Bengaluru, Karnataka",274,21,295,17
"2017_18",2017,"Delhi","DD","KKR","KKR","Nathan Coulter-Nile","Feroz Shah Kotla Stadium, Delhi",323,14,337,13
"2017_19",2017,"Hyderabad","SRH","KXI","SRH","B Kumar","Rajiv Gandhi International Stadium, Hyderabad",292,21,313,16
"2017_20",2017,"Rajkot","RCB","GL","RCB","Chris Gayle","Saurashtra Cricket Association Stadium",393,12,405,9
"2017_21",2017,"Hyderabad","SRH","DD","SRH","Kane Williamson","Rajiv Gandhi International Stadium, Hyderabad",356,11,367,9
"2017_22",2017,"Indore","KXI","MI","MI","Jos Buttler","Holkar Stadium Cricket Stadium, Indore, Madhya Pradesh",377,20,397,6
"2017_23",2017,"Kolkata","KKR","GL","GL","Suresh Raina","Eden Garden Stadium, Kolkata, West Bengal",367,8,375,11
"2017_24",2017,"Mumbai","MI","DD","MI","Mitchell McClenaghan","Wankhede Stadium, Mumbai, Maharashtra",246,24,270,15
"2017_25",2017,"Pune","SRH","RPS","RPS","Mahendra Singh Dhoni","Maharashtra Cricket Association Stadium",344,11,355,7
"2017_26",2017,"Rajkot","KXI","GL","KXI","Hashim Amla","Saurashtra Cricket Association Stadium",338,12,350,14
"2017_27",2017,"Kolkata","KKR","RCB","KKR","Nathan Coulter-Nile","Eden Garden Stadium, Kolkata, West Bengal",165,15,180,20
"2017_28",2017,"Mumbai","RPS","MI","RPS","Ben Stokes","Wankhede Stadium, Mumbai, Maharashtra",307,10,317,14
"2017_29",2017,"Pune","RPS","KKR","KKR","Robin Uthappa","Maharashtra Cricket Association Stadium",346,20,366,8
"2017_30",2017,"Bangalore","RCB","GL","GL","Andrew Tye","M.Chinnaswamy Stadium Bengaluru, Karnataka",249,20,269,13
"2017_31",2017,"Kolkata","DD","KKR","KKR","Gautam Gambhir","Eden Garden Stadium, Kolkata, West Bengal",304,17,321,9
"2017_32",2017,"Chandigarh","SRH","KXI","SRH","Rashid Khan","I.S. Bindra Punjab Cricket Association Stadium, Mohali",380,8,388,12
"2017_33",2017,"Pune","RPS","RCB","RPS","Lockie Ferguson","Maharashtra Cricket Association Stadium",245,8,253,12
"2017_34",2017,"Rajkot","GL","MI","MI","Krunal Pandya","Saurashtra Cricket Association Stadium",294,12,306,21
"2017_35",2017,"Chandigarh","DD","KXI","KXI","Sandeep Sharma","I.S. Bindra Punjab Cricket Association Stadium, Mohali",128,7,135,10
"2017_36",2017,"Hyderabad","SRH","KKR","SRH","David Warner","Rajiv Gandhi International Stadium, Hyderabad",357,13,370,10
"2017_37",2017,"Mumbai","RCB","MI","MI","Rohit Sharma","Wankhede Stadium, Mumbai, Maharashtra",316,11,327,14
"2017_38",2017,"Pune","GL","RPS","RPS","Ben Stokes","Maharashtra Cricket Association Stadium",314,14,328,15
"2017_39",2017,"Delhi","SRH","DD","DD","Mohammed Shami","Feroz Shah Kotla Stadium, Delhi",363,11,374,7
"2017_40",2017,"Kolkata","KKR","RPS","RPS","Rahul Tripathi","Eden Garden Stadium, Kolkata, West Bengal",300,13,313,14
"2017_41",2017,"Delhi","GL","DD","DD","Rishabh Pant","Feroz Shah Kotla Stadium, Delhi",405,17,422,10
"2017_42",2017,"Bangalore","KXI","RCB","KXI","Sandeep Sharma","M.Chinnaswamy Stadium Bengaluru, Karnataka",238,19,257,17
"2017_43",2017,"Hyderabad","RPS","SRH","RPS","Jaydev Unadkat","Rajiv Gandhi International Stadium, Hyderabad",275,9,284,17
"2017_44",2017,"Delhi","MI","DD","MI","Lendl Simmons","Feroz Shah Kotla Stadium, Delhi",256,22,278,13
"2017_45",2017,"Bangalore","RCB","KKR","KKR","Sunil Narine","M.Chinnaswamy Stadium Bengaluru, Karnataka",308,9,317,10
"2017_46",2017,"Chandigarh","KXI","GL","GL","Dwayne Smith","I.S. Bindra Punjab Cricket Association Stadium, Mohali",372,9,381,7
"2017_47",2017,"Hyderabad","MI","SRH","SRH","Shikhar Dhawan","Rajiv Gandhi International Stadium, Hyderabad",264,14,278,10
"2017_48",2017,"Chandigarh","KXI","KKR","KXI","Mohit Sharma","I.S. Bindra Punjab Cricket Association Stadium, Mohali",304,16,320,12
"2017_49",2017,"Kanpur","GL","DD","DD","Shreyas Iyer","Green Park",378,14,392,13
"2017_50",2017,"Mumbai","KXI","MI","KXI","Wriddhiman Saha","Wankhede Stadium, Mumbai, Maharashtra",435,18,453,9
"2017_51",2017,"Delhi","DD","RPS","DD","Karun Nair","Feroz Shah Kotla Stadium, Delhi",312,17,329,15
"2017_52",2017,"Kanpur","GL","SRH","SRH","Mohammed Siraj","Green Park",302,10,312,12
"2017_53",2017,"Kolkata","MI","KKR","MI","Ambati Rayudu","Eden Garden Stadium, Kolkata, West Bengal",312,25,337,13
"2017_54",2017,"Pune","KXI","RPS","RPS","Jaydev Unadkat","Maharashtra Cricket Association Stadium",147,4,151,11
"2017_55",2017,"Delhi","RCB","DD","RCB","Harshal Patel","Feroz Shah Kotla Stadium, Delhi",296,16,312,16
"2017_56",2017,"Mumbai","RPS","MI","RPS","Washington Sunder","Wankhede Stadium, Mumbai, Maharashtra",288,16,304,13
"2017_57",2017,"Bangalore","SRH","KKR","KKR","Nathan Coulter-Nile","M.Chinnaswamy Stadium Bengaluru, Karnataka",165,11,176,10
"2017_58",2017,"Bangalore","KKR","MI","MI","Karn Sharma","M.Chinnaswamy Stadium Bengaluru, Karnataka",203,15,218,14
"2017_59",2017,"Hyderabad","MI","RPS","MI","Krunal Pandya","Rajiv Gandhi International Stadium, Hyderabad",240,17,257,14
