"batsman","match_year","Total_runs"
"Shaun Marsh","2008",616
"Gautam Gambhir","2008",534
"Sanath Jayasuriya","2008",514
"Shane Watson","2008",472
"Graeme Smith","2008",441
"Adam Gilchrist","2008",436
"Yusuf Pathan","2008",435
"Suresh Raina","2008",421
"Mahendra Singh Dhoni","2008",414
"Virender Sehwag","2008",406
"Rohit Sharma","2008",404
"Rahul Dravid","2008",371
"Sourav Ganguly","2008",349
"Shikhar Dhawan","2008",340
"Kumar Sangakkara","2008",320
"Robin Uthappa","2008",320
"David Hussey","2008",319
"Swapnil Asnodkar","2008",311
"Parthiv Patel","2008",302
"Yuvraj Singh","2008",299
"Venugopal Rao","2008",288
"Albie Morkel","2008",241
"Mark Boucher","2008",225
"James Hopes","2008",221
"Abhishek Nayar","2008",206
"Jacques Kallis","2008",199
"Stephen Fleming","2008",196
"Salman Butt","2008",193
"S Badrinath","2008",192
"Matthew Hayden","2008",189
"Brendon McCullum","2008",188
"Sachin Tendulkar","2008",188
"Mahela Jayawardene","2008",179
"Dwayne Bravo","2008",178
"Mohammad Kaif","2008",176
"Michael Hussey","2008",168
"Herschelle Gibbs","2008",167
"Virat Kohli","2008",165
"Laxmi Shukla","2008",163
"Andrew Symonds","2008",161
"Wriddhiman Saha","2008",159
"VVS Laxman","2008",155
"Luke Pomersbach","2008",152
"Ross Taylor","2008",149
"Shaun Pollock","2008",147
"Dinesh Karthik","2008",145
"Vidyut Sivaramakrishnan","2008",145
"Ravindra Jadeja","2008",135
"Irfan Pathan","2008",131
"Kamran Akmal","2008",128
"Farveez Maharoof","2008",125
"Misbah-ul-Haq","2008",117
"Wasim Jaffer","2008",115
"Cameron White","2008",114
"Praveen Kumar","2008",112
"Scott Styris","2008",112
"Dwaraka Ravi Teja","2008",109
"Manoj Tiwary","2008",104
"Tillakaratne Dilshan","2008",104
"Debabrata Das","2008",103
"Niraj Patel","2008",103
"Simon Katich","2008",96
"AB De Villiers","2008",95
"Piyush Chawla","2008",90
"Shreevats Goswami","2008",82
"Shahid Afridi","2008",81
"Karan Goel","2008",76
"Ramnaresh Sarwan","2008",73
"Shane Warne","2008",70
"Yogesh Takawale","2008",70
"Mohammad Hafeez","2008",64
"Ajit Agarkar","2008",54
"Shoaib Malik","2008",52
"Amit Yadav","2008",49
"Sanjay Bangar","2008",47
"Balachandra Akhil","2008",46
"Dwayne Smith","2008",45
"Aakash Chopra","2008",42
"Chamara Silva","2008",40
"Dominic Thornely","2008",39
"Ricky Ponting","2008",39
"Umar Gul","2008",39
"Amit Mishra","2008",37
"Sohail Tanvir","2008",36
"Manpreet Gony","2008",35
"Luke Ronchi","2008",34
"Mahesh Rawat","2008",34
"Pinal Shah","2008",34
"Rajat Bhatia","2008",34
"Zaheer Khan","2008",34
"Dinesh Salunkhe","2008",33
"Tatenda Taibu","2008",31
"Harbhajan Singh","2008",30
"Murali Kartik","2008",30
"Ramesh Powar","2008",28
"RP Singh","2008",27
"Saurabh Tiwary","2008",26
"Wilkin Mota","2008",26
"Shivnarine Chanderpaul","2008",25
"Vinay Kumar","2008",25
"Musavir Khote","2008",24
"Jagadeesh Arunkumar","2008",23
"Chaminda Vaas","2008",21
"Bharath Chipli","2008",20
"Darren Lehmann","2008",18
"Jacob Oram","2008",18
"Siddharth Chitnis","2008",18
"Brett Lee","2008",17
"Chamara Kapugedera","2008",16
"Joginder Sharma","2008",16
"Yo Mahesh","2008",15
"Anil Kumble","2008",13
"Devraj Patil","2008",13
"Brad Hodge","2008",12
"Ishant Sharma","2008",11
"Makhaya Ntini","2008",11
"Nuwan Zoysa","2008",11
"Taruwar Kohli","2008",10
"Ashley Noffke","2008",9
"Dimitri Mascarenhas","2008",9
"Rohan Raje","2008",8
"Tanmay Srivastava","2008",8
"Sunil Joshi","2008",6
"Pankaj Singh","2008",5
"Siddharth Trivedi","2008",5
"Ajinkya Rahane","2008",4
"Glenn McGrath","2008",4
"Sunny Sohal","2008",4
"Vikram Singh","2008",4
"Ashish Nehra","2008",3
"Doddapaneni Kalyankrishna","2008",3
"Manish Pandey","2008",3
"Mohammad Asif","2008",3
"Younis Khan","2008",3
"Ashok Dinda","2008",2
"Dale Steyn","2008",2
"Dhawal Kulkarni","2008",2
"Dilhara Fernando","2008",2
"Halhadar Das","2008",2
"Pradeep Sangwan","2008",2
"Pragyan Ojha","2008",2
"Shoaib Akhtar","2008",2
"Vikrant Yeligati","2008",2
"Iqbal Abdulla","2008",1
"Paidikalva Vijaykumar","2008",1
"Sarvesh Kumar","2008",1
"Srikkanth Anirudha","2008",1
"Abdur Razzak","2008",0
"Abhinav Mukund","2008",0
"Lakshmipathy Balaji","2008",0
"Munaf Patel","2008",0
"Muttiah Muralitharan","2008",0
"S Sreesanth","2008",0
"Uday Kaul","2008",0
"Matthew Hayden","2009",572
"Adam Gilchrist","2009",495
"AB De Villiers","2009",465
"Suresh Raina","2009",434
"Tillakaratne Dilshan","2009",418
"J P Duminy","2009",372
"Herschelle Gibbs","2009",371
"Brad Hodge","2009",365
"Sachin Tendulkar","2009",364
"Rohit Sharma","2009",362
"Jacques Kallis","2009",361
"Yuvraj Singh","2009",340
"Kumar Sangakkara","2009",332
"Mahendra Singh Dhoni","2009",332
"Ravindra Jadeja","2009",295
"Dinesh Karthik","2009",288
"Gautam Gambhir","2009",286
"Brendon McCullum","2009",285
"Ross Taylor","2009",280
"Rahul Dravid","2009",271
"Andrew Symonds","2009",249
"Virat Kohli","2009",246
"Yusuf Pathan","2009",243
"Tirumalsetti Suman","2009",237
"Sanath Jayasuriya","2009",221
"Mahela Jayawardene","2009",219
"Dwayne Bravo","2009",218
"Dwayne Smith","2009",215
"Graeme Smith","2009",212
"Virender Sehwag","2009",198
"Irfan Pathan","2009",196
"Abhishek Nayar","2009",193
"Sourav Ganguly","2009",189
"S Badrinath","2009",177
"Robin Uthappa","2009",175
"Chris Gayle","2009",171
"Manish Pandey","2009",168
"Naman Ojha","2009",168
"Morne van Wyk","2009",167
"David Warner","2009",163
"Mark Boucher","2009",150
"Simon Katich","2009",145
"Ajinkya Rahane","2009",144
"Parthiv Patel","2009",142
"Ravi Bopara","2009",138
"Karan Goel","2009",124
"Venugopal Rao","2009",124
"Roelof van der Merwe","2009",122
"Sunny Sohal","2009",115
"Shane Warne","2009",108
"Rob Quiney","2009",103
"David Hussey","2009",98
"Swapnil Asnodkar","2009",98
"Albie Morkel","2009",97
"Kevin Pietersen","2009",93
"Jacob Oram","2009",88
"Harbhajan Singh","2009",84
"Laxmi Shukla","2009",83
"Lee Carseldine","2009",81
"Abhishek Raut","2009",78
"Mithun Manhas","2009",75
"Wriddhiman Saha","2009",72
"Azhar Bilakhia","2009",67
"Ajit Agarkar","2009",66
"Dwaraka Ravi Teja","2009",65
"Praveen Kumar","2009",65
"Andrew Flintoff","2009",62
"Murali Vijay","2009",60
"Jesse Ryder","2009",56
"Pinal Shah","2009",53
"Shreevats Goswami","2009",53
"Johan Botha","2009",47
"Vinay Kumar","2009",47
"Yashpal Singh","2009",47
"George Bailey","2009",45
"Luke Pomersbach","2009",41
"Shikhar Dhawan","2009",40
"Dimitri Mascarenhas","2009",39
"Moises Henriques","2009",38
"Daniel Vettori","2009",34
"Munaf Patel","2009",33
"Piyush Chawla","2009",31
"Chaminda Vaas","2009",30
"Wilkin Mota","2009",30
"Brett Lee","2009",28
"Amit Mishra","2009",26
"Ramesh Powar","2009",23
"Farveez Maharoof","2009",21
"Murali Kartik","2009",21
"Ryan Harris","2009",21
"Joginder Sharma","2009",20
"Shadab Jakati","2009",20
"Yogesh Nagar","2009",20
"Rajesh Bishnoi","2009",19
"VVS Laxman","2009",19
"Niraj Patel","2009",18
"Yogesh Takawale","2009",18
"Balachandra Akhil","2009",17
"Angelo Mathews","2009",16
"Anil Kumble","2009",16
"Ishant Sharma","2009",16
"Mahesh Rawat","2009",16
"Graham Napier","2009",15
"Wasim Jaffer","2009",15
"Scott Styris","2009",14
"Manpreet Gony","2009",13
"Saurabh Tiwary","2009",13
"Rohan Raje","2009",12
"Aakash Chopra","2009",11
"Tyron Henderson","2009",11
"Dillon du Preez","2009",10
"Dhawal Kulkarni","2009",9
"Manoj Tiwary","2009",9
"Shane Harwood","2009",9
"Siddharth Trivedi","2009",9
"Morne Morkel","2009",8
"Muttiah Muralitharan","2009",8
"Rajat Bhatia","2009",8
"Ravichandran Ashwin","2009",8
"RP Singh","2009",8
"Zaheer Khan","2009",8
"Arindam Ghosh","2009",7
"Paul Valthaty","2009",6
"Pradeep Sangwan","2009",6
"Shoaib Shaikh","2009",6
"Siddharth Chitnis","2009",6
"S Sreesanth","2009",5
"Fidel Edwards","2009",4
"Lakshmipathy Balaji","2009",4
"Andrew McDonald","2009",3
"Kamran Khan","2009",3
"Ashok Dinda","2009",2
"Mashrafe Mortaza","2009",2
"Mohammad Ashraful","2009",2
"Sanjay Bangar","2009",2
"Thilan Thushara","2009",2
"Amit Singh","2009",1
"Ashish Nehra","2009",1
"Karn Sharma","2009",1
"Pankaj Singh","2009",1
"Pragyan Ojha","2009",1
"Shoaib Ahmed","2009",1
"Taruwar Kohli","2009",1
"Ajantha Mendis","2009",0
"Chetanya Nanda","2009",0
"Dale Steyn","2009",0
"KP Appanna","2009",0
"Lasith Malinga","2009",0
"Luke Ronchi","2009",0
"Tanmay Srivastava","2009",0
"Sachin Tendulkar","2010",618
"Jacques Kallis","2010",572
"Suresh Raina","2010",520
"Sourav Ganguly","2010",493
"Murali Vijay","2010",458
"Mahela Jayawardene","2010",439
"Andrew Symonds","2010",429
"Saurabh Tiwary","2010",419
"Rohit Sharma","2010",404
"Naman Ojha","2010",377
"Robin Uthappa","2010",374
"Kumar Sangakkara","2010",357
"Ambati Rayudu","2010",356
"S Badrinath","2010",356
"Virender Sehwag","2010",356
"Matthew Hayden","2010",346
"Yusuf Pathan","2010",333
"Tirumalsetti Suman","2010",307
"Virat Kohli","2010",307
"Chris Gayle","2010",292
"Adam Gilchrist","2010",289
"Mahendra Singh Dhoni","2010",287
"David Warner","2010",282
"Dinesh Karthik","2010",278
"Michael Lumb","2010",278
"Gautam Gambhir","2010",277
"Irfan Pathan","2010",276
"Kieron Pollard","2010",273
"Herschelle Gibbs","2010",267
"Rahul Dravid","2010",256
"Yuvraj Singh","2010",255
"Manish Pandey","2010",249
"Ravi Bopara","2010",248
"Manoj Tiwary","2010",237
"Kevin Pietersen","2010",236
"Angelo Mathews","2010",233
"Manvinder Bisla","2010",218
"Paul Collingwood","2010",203
"Albie Morkel","2010",198
"Shikhar Dhawan","2010",191
"Shane Watson","2010",185
"Abhishek Jhunjhunwala","2010",183
"Adam Voges","2010",181
"Mohnish Mishra","2010",166
"Faiz Fazal","2010",164
"J P Duminy","2010",157
"Mithun Manhas","2010",157
"Shaun Marsh","2010",147
"Cheteshwar Pujara","2010",122
"Owais Shah","2010",115
"Brendon McCullum","2010",114
"Rajagopal Sathish","2010",112
"AB De Villiers","2010",111
"Paras Dogra","2010",107
"Harbhajan Singh","2010",105
"Brad Hodge","2010",99
"David Hussey","2010",94
"Ross Taylor","2010",88
"Kedar Jadhav","2010",76
"Parthiv Patel","2010",72
"Wriddhiman Saha","2010",67
"Ryan McLaren","2010",66
"Andrew McDonald","2010",65
"VVS Laxman","2010",64
"Anirudh Singh","2010",63
"Piyush Chawla","2010",62
"Dwayne Bravo","2010",61
"Abhishek Nayar","2010",58
"Abhishek Raut","2010",56
"Aditya Tare","2010",50
"Cameron White","2010",48
"Ryan Harris","2010",45
"Graeme Smith","2010",44
"Tillakaratne Dilshan","2010",44
"Adrian Barath","2010",42
"Ajit Agarkar","2010",40
"Amit Mishra","2010",39
"Michael Hussey","2010",37
"Laxmi Shukla","2010",36
"Bodapati Sumanth","2010",35
"Eoin Morgan","2010",35
"Aditya Dole","2010",34
"Venugopal Rao","2010",34
"Daniel Vettori","2010",33
"Sanath Jayasuriya","2010",33
"Farveez Maharoof","2010",31
"Chaminda Vaas","2010",30
"Ravichandran Ashwin","2010",30
"Srikkanth Anirudha","2010",30
"Rahul Sharma","2010",29
"Mitchell Marsh","2010",28
"Mohammad Kaif","2010",28
"S Sreesanth","2010",27
"Sridharan Sriram","2010",27
"Vinay Kumar","2010",27
"Justin Kemp","2010",26
"Rajat Bhatia","2010",24
"Zaheer Khan","2010",24
"Ashish Nehra","2010",23
"Dwayne Smith","2010",22
"Murali Kartik","2010",22
"Aaron Finch","2010",21
"Siddharth Trivedi","2010",20
"Damien Martyn","2010",19
"Doug Bollinger","2010",18
"George Bailey","2010",18
"Karan Goel","2010",18
"Lakshmipathy Balaji","2010",18
"Chandan Madan","2010",15
"Sumit Narwal","2010",14
"Dale Steyn","2010",13
"Mark Boucher","2010",13
"Dimitri Mascarenhas","2010",12
"Shaun Tait","2010",12
"Brett Lee","2010",11
"Moises Henriques","2010",11
"Kemar Roach","2010",10
"Pradeep Sangwan","2010",10
"Shane Warne","2010",10
"Thilan Thushara","2010",10
"Bipul Sharma","2010",9
"Morne Morkel","2010",9
"RP Singh","2010",9
"Jaskaran Singh","2010",8
"Shreevats Goswami","2010",8
"Stuart Binny","2010",8
"Anil Kumble","2010",6
"Ishant Sharma","2010",6
"Vikramjeet Singh Malik","2010",6
"Abhimanyu Mithun","2010",5
"Ramesh Powar","2010",5
"Swapnil Asnodkar","2010",5
"Abu Nechim","2010",4
"Amit Uniyal","2010",4
"Dirk Nannes","2010",4
"Mandeep Singh","2010",4
"Munaf Patel","2010",4
"Praveen Kumar","2010",4
"Reetinder Sodhi","2010",4
"Arun Karthik","2010",3
"Pragyan Ojha","2010",3
"Sudeep Tyagi","2010",3
"Umesh Yadav","2010",3
"Azhar Bilakhia","2010",2
"Dilhara Fernando","2010",2
"KP Appanna","2010",2
"Manpreet Gony","2010",2
"Rohan Gavaskar","2010",2
"Rusty Theron","2010",2
"Ajantha Mendis","2010",1
"Lasith Malinga","2010",1
"Muttiah Muralitharan","2010",1
"Pankaj Singh","2010",1
"Roelof van der Merwe","2010",1
"Shalabh Srivastava","2010",1
"Shane Bond","2010",1
"Yogesh Nagar","2010",1
"Amit Paunikar","2010",0
"Ashok Dinda","2010",0
"Charl Langeveldt","2010",0
"Harmeet Singh","2010",0
"Iqbal Abdulla","2010",0
"Sarabjit Ladda","2010",0
"Yusuf Abdulla","2010",0
"Chris Gayle","2011",608
"Virat Kohli","2011",557
"Sachin Tendulkar","2011",553
"Shaun Marsh","2011",504
"Michael Hussey","2011",492
"Paul Valthaty","2011",463
"Suresh Raina","2011",438
"Murali Vijay","2011",434
"Jacques Kallis","2011",424
"Virender Sehwag","2011",424
"Shikhar Dhawan","2011",400
"S Badrinath","2011",396
"Ambati Rayudu","2011",395
"Mahendra Singh Dhoni","2011",392
"Adam Gilchrist","2011",383
"Gautam Gambhir","2011",378
"Rohit Sharma","2011",372
"Manoj Tiwary","2011",359
"Kumar Sangakkara","2011",358
"Brendon McCullum","2011",357
"Rahul Dravid","2011",343
"Yuvraj Singh","2011",343
"Venugopal Rao","2011",336
"Shane Watson","2011",330
"David Warner","2011",324
"AB De Villiers","2011",312
"Mahela Jayawardene","2011",299
"Jesse Ryder","2011",292
"Brad Hodge","2011",285
"Ravindra Jadeja","2011",283
"Yusuf Pathan","2011",283
"Dinesh Karthik","2011",282
"Robin Uthappa","2011",264
"Sunny Sohal","2011",249
"Manish Pandey","2011",246
"Johan Botha","2011",230
"Tillakaratne Dilshan","2011",226
"Bharath Chipli","2011",207
"J P Duminy","2011",205
"Parthiv Patel","2011",202
"James Hopes","2011",196
"Daniel Christian","2011",190
"Saurabh Tiwary","2011",187
"Dwaraka Ravi Teja","2011",183
"Ross Taylor","2011",181
"Ashok Menaria","2011",180
"Naman Ojha","2011",160
"Irfan Pathan","2011",150
"Kieron Pollard","2011",146
"Mayank Agarwal","2011",141
"Albie Morkel","2011",138
"Eoin Morgan","2011",137
"Andrew Symonds","2011",135
"Aiden Blizzard","2011",120
"Ajinkya Rahane","2011",120
"Mithun Manhas","2011",114
"Yogesh Nagar","2011",111
"James Franklin","2011",107
"Ryan ten Doeschate","2011",107
"Cameron White","2011",104
"Harbhajan Singh","2011",103
"Davy Jacobs","2011",92
"Ryan McLaren","2011",90
"Srikkanth Anirudha","2011",83
"Travis Birt","2011",75
"Michael Klinger","2011",73
"Manvinder Bisla","2011",72
"Amit Mishra","2011",68
"Wriddhiman Saha","2011",68
"Mohnish Mishra","2011",67
"Tirumalsetti Suman","2011",65
"David Hussey","2011",64
"Abhishek Nayar","2011",61
"Abhishek Raut","2011",60
"Luke Pomersbach","2011",51
"Mitchell Marsh","2011",50
"Sourav Ganguly","2011",50
"Vinay Kumar","2011",50
"Amit Paunikar","2011",49
"Callum Ferguson","2011",48
"Piyush Chawla","2011",48
"Aaron Finch","2011",47
"Mandeep Singh","2011",47
"Raiphi Gomez","2011",46
"VVS Laxman","2011",44
"Sunny Singh","2011",43
"Graeme Smith","2011",42
"Mohammad Kaif","2011",41
"Morne Morkel","2011",40
"Stuart Binny","2011",37
"Wayne Parnell","2011",37
"Dale Steyn","2011",36
"Cheteshwar Pujara","2011",34
"Asad Pathan","2011",33
"Ryan Harris","2011",31
"Shakib Al Hasan","2011",29
"Shreevats Goswami","2011",29
"Ishank Jaggi","2011",28
"Abhimanyu Mithun","2011",27
"Praveen Kumar","2011",27
"Nathan McCullum","2011",26
"Owais Shah","2011",26
"Rajagopal Sathish","2011",25
"Rajat Bhatia","2011",25
"Rahul Sharma","2011",24
"Bipul Sharma","2011",23
"Daniel Vettori","2011",23
"Thisara Perera","2011",23
"Matthew Wade","2011",22
"Colin Ingram","2011",21
"Zaheer Khan","2011",21
"Faiz Fazal","2011",19
"Gnaneswara Rao","2011",19
"Abu Nechim","2011",18
"Brad Haddin","2011",18
"Johan van der Wath","2011",18
"Kedar Jadhav","2011",18
"Sachin Rana","2011",18
"Dishant Yagnik","2011",16
"Iqbal Abdulla","2011",15
"JS Mohammad","2011",15
"Harpreet Singh","2011",14
"Laxmi Shukla","2011",14
"Roelof van der Merwe","2011",14
"Balachandra Akhil","2011",13
"Sreenath Aravind","2011",13
"Murali Kartik","2011",12
"Dwayne Bravo","2011",11
"Ramesh Powar","2011",11
"Abhishek Jhunjhunwala","2011",10
"Shane Warne","2011",10
"Shaun Tait","2011",10
"Tim Paine","2011",10
"Siddharth Chitnis","2011",9
"Swapnil Asnodkar","2011",9
"Andrew McDonald","2011",8
"Charl Langeveldt","2011",8
"Lasith Malinga","2011",8
"Ajit Agarkar","2011",7
"Arun Karthik","2011",7
"Ishan Malhotra","2011",7
"Mark Boucher","2011",6
"Brett Lee","2011",5
"Muttiah Muralitharan","2011",5
"Pinal Shah","2011",5
"Scott Styris","2011",5
"Ishant Sharma","2011",4
"Lakshmipathy Balaji","2011",4
"Shalabh Srivastava","2011",4
"Sridharan Sriram","2011",4
"Jerome Taylor","2011",3
"Ryan Ninan","2011",3
"Ali Murtaza","2011",2
"Dhawal Kulkarni","2011",2
"Ravichandran Ashwin","2011",2
"RP Singh","2011",2
"Shrikant Wagh","2011",2
"Suraj Randiv","2011",2
"Unmukt Chand","2011",2
"Alfonso Thomas","2011",1
"Amit Singh","2011",1
"Ankeet Chavan","2011",1
"B Kumar","2011",1
"Nathan Rimmington","2011",1
"Prasanth Parameswaran","2011",1
"S Sreesanth","2011",1
"Umesh Yadav","2011",1
"Ashok Dinda","2011",0
"Bhargav Bhatt","2011",0
"Doug Bollinger","2011",0
"Jacob Oram","2011",0
"Joginder Sharma","2011",0
"Love Ablish","2011",0
"Manpreet Gony","2011",0
"Michael Lumb","2011",0
"Munaf Patel","2011",0
"Nayan Doshi","2011",0
"Shahbaz Nadeem","2011",0
"Siddharth Trivedi","2011",0
"Varun Aaron","2011",0
"Chris Gayle","2012",733
"Gautam Gambhir","2012",590
"Shikhar Dhawan","2012",569
"Ajinkya Rahane","2012",560
"Virender Sehwag","2012",495
"Cameron White","2012",479
"Rahul Dravid","2012",462
"Suresh Raina","2012",441
"Rohit Sharma","2012",433
"Mandeep Singh","2012",432
"Jacques Kallis","2012",409
"Robin Uthappa","2012",405
"Faf du Plessis","2012",398
"David Hussey","2012",396
"Dwayne Bravo","2012",371
"Virat Kohli","2012",364
"Steven Smith","2012",362
"Mahendra Singh Dhoni","2012",357
"Owais Shah","2012",340
"Murali Vijay","2012",336
"Shaun Marsh","2012",336
"Mahela Jayawardene","2012",335
"Ambati Rayudu","2012",333
"Sachin Tendulkar","2012",324
"AB De Villiers","2012",319
"Kevin Pietersen","2012",305
"Brendon McCullum","2012",289
"Tillakaratne Dilshan","2012",285
"Sourav Ganguly","2012",268
"Michael Hussey","2012",261
"Manoj Tiwary","2012",260
"David Warner","2012",256
"Jesse Ryder","2012",256
"Naman Ojha","2012",255
"Shane Watson","2012",255
"Brad Hodge","2012",245
"J P Duminy","2012",244
"Dinesh Karthik","2012",238
"Mayank Agarwal","2012",225
"Ashok Menaria","2012",220
"James Franklin","2012",220
"Kieron Pollard","2012",220
"Manvinder Bisla","2012",213
"Kumar Sangakkara","2012",200
"Ross Taylor","2012",197
"S Badrinath","2012",196
"Parthiv Patel","2012",194
"Yusuf Pathan","2012",194
"Ravindra Jadeja","2012",191
"Saurabh Tiwary","2012",191
"Azhar Mahmood","2012",186
"Irfan Pathan","2012",176
"Adam Gilchrist","2012",172
"Dwayne Smith","2012",157
"Yogesh Nagar","2012",153
"Daniel Christian","2012",145
"Manish Pandey","2012",143
"Nitin Saini","2012",140
"Venugopal Rao","2012",132
"Angelo Mathews","2012",127
"Debabrata Das","2012",126
"Marlon Samuels","2012",124
"Mithun Manhas","2012",120
"Daniel Harris","2012",111
"Harbhajan Singh","2012",108
"Albie Morkel","2012",107
"Piyush Chawla","2012",106
"David Miller","2012",98
"Michael Clarke","2012",98
"Shakib Al Hasan","2012",91
"Stuart Binny","2012",90
"Anustup Majumdar","2012",87
"Gurkeerat Singh Mann","2012",86
"Richard Levi","2012",83
"Herschelle Gibbs","2012",81
"Laxmi Shukla","2012",75
"Akshath Reddy","2012",73
"Bipul Sharma","2012",72
"Shreevats Goswami","2012",69
"Vinay Kumar","2012",68
"Siddharth Chitnis","2012",66
"Johan Botha","2012",58
"Aaron Finch","2012",55
"Lasith Malinga","2012",55
"Callum Ferguson","2012",50
"Andre Russell","2012",47
"Andrew McDonald","2012",47
"Abhishek Nayar","2012",45
"Brett Lee","2012",42
"B Kumar","2012",40
"Kevon Cooper","2012",38
"Bharath Chipli","2012",37
"Pawan Negi","2012",36
"Unmukt Chand","2012",36
"Ashish Reddy","2012",35
"Praveen Kumar","2012",35
"Rajat Bhatia","2012",35
"Robin Peterson","2012",32
"Daniel Vettori","2012",31
"Paul Valthaty","2012",30
"Murali Kartik","2012",26
"Dishant Yagnik","2012",25
"Abhishek Jhunjhunwala","2012",24
"Ryan ten Doeschate","2012",21
"Alfonso Thomas","2012",19
"Dale Steyn","2012",19
"Srikkanth Anirudha","2012",19
"Wayne Parnell","2012",19
"Ankit Sharma","2012",18
"Ravichandran Ashwin","2012",18
"Ryan Harris","2012",18
"Cheteshwar Pujara","2012",17
"Amit Mishra","2012",16
"Brad Hogg","2012",15
"Harmeet Singh","2012",15
"Harshal Patel","2012",15
"Ishank Jaggi","2012",15
"Paras Dogra","2012",15
"Tirumalsetti Suman","2012",15
"Dimitri Mascarenhas","2012",14
"James Faulkner","2012",14
"Mohammad Kaif","2012",14
"Sreenath Aravind","2012",14
"Doug Bracewell","2012",12
"Zaheer Khan","2012",12
"Ankeet Chavan","2012",11
"Ashish Nehra","2012",11
"Krishnakant Upadhyay","2012",11
"Dhawal Kulkarni","2012",10
"Sunil Narine","2012",9
"Clint McKay","2012",8
"Rusty Theron","2012",7
"Shadab Jakati","2012",7
"Asad Pathan","2012",6
"Bhargav Bhatt","2012",6
"Chris Lynn","2012",6
"Glenn Maxwell","2012",6
"Harpreet Singh","2012",6
"Muttiah Muralitharan","2012",6
"RP Singh","2012",6
"Wriddhiman Saha","2012",6
"Nuwan Kulasekara","2012",5
"Siddharth Trivedi","2012",5
"Dwaraka Ravi Teja","2012",4
"JS Mohammad","2012",4
"Manpreet Gony","2012",4
"Mohnish Mishra","2012",4
"Parvinder Awana","2012",4
"Pragyan Ojha","2012",4
"Thisara Perera","2012",4
"Ali Murtaza","2012",3
"Doug Bollinger","2012",3
"Morne Morkel","2012",3
"Ashok Dinda","2012",2
"Biplab Samantray","2012",2
"Iqbal Abdulla","2012",2
"Munaf Patel","2012",2
"Rahul Sharma","2012",2
"Umesh Yadav","2012",2
"Varun Aaron","2012",1
"Aiden Blizzard","2012",0
"Ajit Chandila","2012",0
"Amit Singh","2012",0
"Davy Jacobs","2012",0
"Prasanth Parameswaran","2012",0
"Raajoo Bhatkal","2012",0
"Shahbaz Nadeem","2012",0
"Sunny Gupta","2012",0
"Surya Kumar Yadav","2012",0
"Veer Pratap Singh","2012",0
"Michael Hussey","2013",733
"Chris Gayle","2013",708
"Virat Kohli","2013",634
"Suresh Raina","2013",548
"Shane Watson","2013",543
"Rohit Sharma","2013",538
"Dinesh Karthik","2013",510
"Ajinkya Rahane","2013",488
"Rahul Dravid","2013",471
"Mahendra Singh Dhoni","2013",461
"Aaron Finch","2013",456
"Robin Uthappa","2013",434
"Kieron Pollard","2013",420
"David Miller","2013",418
"Dwayne Smith","2013",418
"David Warner","2013",410
"Gautam Gambhir","2013",406
"AB De Villiers","2013",360
"Yusuf Pathan","2013",332
"Mahela Jayawardene","2013",331
"Murali Vijay","2013",312
"Jacques Kallis","2013",311
"Shikhar Dhawan","2013",311
"Eoin Morgan","2013",307
"Shaun Marsh","2013",300
"Virender Sehwag","2013",295
"Adam Gilchrist","2013",294
"Parthiv Patel","2013",294
"Brad Hodge","2013",293
"Stuart Binny","2013",293
"Sachin Tendulkar","2013",287
"Ambati Rayudu","2013",265
"Mandeep Singh","2013",260
"Manvinder Bisla","2013",255
"G H Vihari","2013",241
"Yuvraj Singh","2013",238
"David Hussey","2013",235
"Thisara Perera","2013",233
"Cameron White","2013",209
"Sanju Samson","2013",206
"Ravindra Jadeja","2013",201
"Azhar Mahmood","2013",196
"Ben Rohrer","2013",193
"Darren Sammy","2013",174
"Angelo Mathews","2013",172
"Moises Henriques","2013",165
"Manan Vohra","2013",161
"Steven Smith","2013",159
"Unmukt Chand","2013",158
"Kedar Jadhav","2013",152
"Manoj Tiwary","2013",146
"Irfan Pathan","2013",142
"Mitchell Marsh","2013",140
"Manish Pandey","2013",136
"Ashish Reddy","2013",125
"Dishant Yagnik","2013",125
"Manprit Juneja","2013",125
"S Badrinath","2013",124
"Aditya Tare","2013",123
"Biplab Samantray","2013",123
"Dwayne Bravo","2013",121
"Kumar Sangakkara","2013",120
"Harbhajan Singh","2013",116
"Rajagopal Sathish","2013",109
"Saurabh Tiwary","2013",109
"Gurkeerat Singh Mann","2013",108
"Luke Wright","2013",106
"Rajat Bhatia","2013",99
"Cheteshwar Pujara","2013",92
"Akshath Reddy","2013",91
"Amit Mishra","2013",89
"Karn Sharma","2013",85
"Ryan ten Doeschate","2013",85
"Tillakaratne Dilshan","2013",76
"Debabrata Das","2013",75
"Vinay Kumar","2013",70
"Wriddhiman Saha","2013",70
"Mayank Agarwal","2013",67
"Abhishek Nayar","2013",66
"Piyush Chawla","2013",64
"Ross Taylor","2013",63
"Luke Pomersbach","2013",58
"James Faulkner","2013",57
"Morne Morkel","2013",57
"Dale Steyn","2013",53
"B Kumar","2013",52
"Ricky Ponting","2013",52
"Tirumalsetti Suman","2013",52
"Praveen Kumar","2013",47
"Albie Morkel","2013",46
"Manpreet Gony","2013",45
"CM Gautam","2013",44
"Johan Botha","2013",43
"Arun Karthik","2013",41
"Kevon Cooper","2013",39
"Mitchell Johnson","2013",39
"Ravi Rampaul","2013",38
"Umesh Yadav","2013",38
"Glenn Maxwell","2013",36
"Ravichandran Ashwin","2013",35
"Kane Richardson","2013",34
"Owais Shah","2013",25
"Jeevan Mendis","2013",23
"Sumit Narwal","2013",23
"Roelof van der Merwe","2013",22
"Brett Lee","2013",21
"Rishi Dhawan","2013",21
"Sunil Narine","2013",21
"KL Rahul","2013",20
"Abhinav Mukund","2013",19
"Bharath Chipli","2013",16
"Chris Morris","2013",14
"Dwaraka Ravi Teja","2013",14
"Kusal Perera","2013",14
"Shahbaz Nadeem","2013",14
"Mithun Manhas","2013",13
"Ajit Agarkar","2013",12
"Andre Russell","2013",11
"Rahul Sharma","2013",11
"JS Mohammad","2013",10
"Sachithra Senanayake","2013",10
"Thalaivan Sargunam","2013",10
"Ashok Dinda","2013",9
"Karun Nair","2013",9
"Lakshmipathy Balaji","2013",9
"Lasith Malinga","2013",9
"Naman Ojha","2013",9
"Nathan Coulter-Nile","2013",9
"Iqbal Abdulla","2013",8
"Marlon Samuels","2013",8
"Siddarth Kaul","2013",7
"Udit Birla","2013",7
"Brendon McCullum","2013",6
"Daniel Christian","2013",6
"Paul Valthaty","2013",6
"Quinton de Kock","2013",6
"Ali Murtaza","2013",5
"Dimitri Mascarenhas","2013",5
"Mahesh Rawat","2013",5
"Mohammed Shami","2013",5
"Paras Dogra","2013",5
"Parvez Rasool","2013",5
"Wayne Parnell","2013",5
"Ajit Chandila","2013",4
"Ben Laughlin","2013",4
"Pradeep Sangwan","2013",4
"Raiphi Gomez","2013",4
"Harmeet Singh","2013",3
"Laxmi Shukla","2013",3
"Pravin Tambe","2013",3
"Ryan McLaren","2013",3
"Sachin Baby","2013",3
"Siddharth Trivedi","2013",3
"Abhimanyu Mithun","2013",2
"Ajantha Mendis","2013",2
"Ankit Rajput","2013",2
"Jaydev Unadkat","2013",2
"Murali Kartik","2013",2
"Pragyan Ojha","2013",2
"Ryan Harris","2013",2
"Ashish Nehra","2013",1
"Ashok Menaria","2013",1
"Krishnakant Upadhyay","2013",1
"Parvinder Awana","2013",1
"Rahul Shukla","2013",1
"S Sreesanth","2013",1
"Shaun Tait","2013",1
"Andrew McDonald","2013",0
"Ishwar Pandey","2013",0
"Mohit Sharma","2013",0
"Sandeep Sharma","2013",0
"Srikkanth Anirudha","2013",0
"Robin Uthappa","2014",660
"Dwayne Smith","2014",566
"Glenn Maxwell","2014",552
"David Warner","2014",528
"Suresh Raina","2014",523
"Virender Sehwag","2014",455
"David Miller","2014",446
"J P Duminy","2014",410
"Brendon McCullum","2014",405
"Manish Pandey","2014",401
"AB De Villiers","2014",395
"Lendl Simmons","2014",394
"Rohit Sharma","2014",390
"Shikhar Dhawan","2014",377
"Yuvraj Singh","2014",376
"Mahendra Singh Dhoni","2014",371
"Wriddhiman Saha","2014",362
"Ambati Rayudu","2014",361
"Virat Kohli","2014",359
"Ajinkya Rahane","2014",339
"Sanju Samson","2014",339
"Gautam Gambhir","2014",335
"Karun Nair","2014",330
"Dinesh Karthik","2014",325
"Manan Vohra","2014",324
"Aaron Finch","2014",309
"Faf du Plessis","2014",303
"Kevin Pietersen","2014",294
"Kieron Pollard","2014",273
"Yusuf Pathan","2014",268
"Corey Anderson","2014",265
"George Bailey","2014",257
"Shane Watson","2014",240
"Naman Ojha","2014",232
"Shakib Al Hasan","2014",227
"Michael Hussey","2014",209
"Murali Vijay","2014",207
"Parthiv Patel","2014",205
"Chris Gayle","2014",196
"James Faulkner","2014",181
"KL Rahul","2014",166
"Surya Kumar Yadav","2014",164
"Quinton de Kock","2014",153
"Manoj Tiwary","2014",152
"Jacques Kallis","2014",151
"Kedar Jadhav","2014",149
"Steven Smith","2014",147
"Ravindra Jadeja","2014",146
"Aditya Tare","2014",126
"Cheteshwar Pujara","2014",125
"Stuart Binny","2014",123
"CM Gautam","2014",121
"David Hussey","2014",116
"Mayank Agarwal","2014",115
"Darren Sammy","2014",108
"Yogesh Takawale","2014",104
"Brad Hodge","2014",101
"Mitchell Starc","2014",85
"Rishi Dhawan","2014",82
"Sachin Rana","2014",73
"Venugopal Rao","2014",71
"Shaun Marsh","2014",70
"Rajat Bhatia","2014",67
"Axar Patel","2014",62
"Ross Taylor","2014",59
"Chris Lynn","2014",58
"Mitchell Johnson","2014",56
"Irfan Pathan","2014",55
"Ryan ten Doeschate","2014",52
"Albie Morkel","2014",45
"Ravichandran Ashwin","2014",45
"Abhishek Nayar","2014",43
"James Neesham","2014",42
"Karn Sharma","2014",42
"Ben Dunk","2014",40
"Kevon Cooper","2014",39
"Rilee Rossouw","2014",39
"Dhawal Kulkarni","2014",35
"Mithun Manhas","2014",35
"Varun Aaron","2014",35
"Ankit Sharma","2014",34
"Laxmi Shukla","2014",31
"Piyush Chawla","2014",31
"Vijay Zol","2014",29
"Harbhajan Singh","2014",28
"Mandeep Singh","2014",24
"Dale Steyn","2014",22
"Rahul Shukla","2014",18
"Jason Holder","2014",16
"Nic Maddinson","2014",16
"Rahul Tewatia","2014",16
"Harshal Patel","2014",13
"Ravi Rampaul","2014",13
"Shreyas Gopal","2014",11
"Sunil Narine","2014",10
"Moises Henriques","2014",9
"Ben Cutting","2014",8
"Dwayne Bravo","2014",8
"Imran Tahir","2014",8
"Zaheer Khan","2014",8
"Shahbaz Nadeem","2014",7
"Pravin Tambe","2014",5
"Shivam Sharma","2014",5
"Abu Nechim","2014",4
"Amit Mishra","2014",4
"Ashok Dinda","2014",4
"Dishant Yagnik","2014",4
"Morne Morkel","2014",4
"Pragyan Ojha","2014",4
"Tim Southee","2014",4
"Vinay Kumar","2014",4
"Manvinder Bisla","2014",3
"Mohammed Shami","2014",3
"Srikkanth Anirudha","2014",3
"Andre Russell","2014",2
"Lasith Malinga","2014",2
"Sandeep Sharma","2014",2
"Siddarth Kaul","2014",2
"Umesh Yadav","2014",2
"Unmukt Chand","2014",2
"Wayne Parnell","2014",2
"B Kumar","2014",1
"Jasprit Bumrah","2014",1
"Jaydev Unadkat","2014",1
"Kane Richardson","2014",1
"Karanveer Singh","2014",1
"Lakshmipathy Balaji","2014",1
"Marchant de Lange","2014",1
"Mohit Sharma","2014",1
"Praveen Kumar","2014",1
"Vikramjeet Singh Malik","2014",1
"Yuzvendra Chahal","2014",1
"Beuran Hendricks","2014",0
"David Warner","2015",562
"Ajinkya Rahane","2015",540
"Lendl Simmons","2015",540
"AB De Villiers","2015",513
"Virat Kohli","2015",505
"Chris Gayle","2015",491
"Rohit Sharma","2015",482
"Shreyas Iyer","2015",439
"Brendon McCullum","2015",436
"Kieron Pollard","2015",419
"J P Duminy","2015",414
"Dwayne Smith","2015",399
"Faf du Plessis","2015",380
"Suresh Raina","2015",374
"Mahendra Singh Dhoni","2015",372
"Robin Uthappa","2015",364
"David Miller","2015",357
"Shikhar Dhawan","2015",353
"Shane Watson","2015",347
"Parthiv Patel","2015",339
"Gautam Gambhir","2015",327
"Andre Russell","2015",326
"Yusuf Pathan","2015",312
"Steven Smith","2015",293
"Moises Henriques","2015",287
"Ambati Rayudu","2015",281
"George Bailey","2015",259
"Murali Vijay","2015",251
"Wriddhiman Saha","2015",249
"Yuvraj Singh","2015",248
"Manish Pandey","2015",225
"Mayank Agarwal","2015",213
"Axar Patel","2015",206
"Sanju Samson","2015",204
"Dwayne Bravo","2015",195
"Kedar Jadhav","2015",189
"Eoin Morgan","2015",187
"Karun Nair","2015",181
"Mandeep Singh","2015",157
"Surya Kumar Yadav","2015",157
"Deepak Hooda","2015",151
"Glenn Maxwell","2015",145
"Ravi Bopara","2015",145
"Angelo Mathews","2015",144
"James Faulkner","2015",144
"KL Rahul","2015",142
"Dinesh Karthik","2015",141
"Naman Ojha","2015",137
"Ravindra Jadeja","2015",132
"David Wiese","2015",122
"Quinton de Kock","2015",122
"Harbhajan Singh","2015",117
"Pawan Negi","2015",116
"Corey Anderson","2015",114
"Hardik Pandya","2015",112
"Sarfaraz Khan","2015",111
"Saurabh Tiwary","2015",109
"Karn Sharma","2015",104
"Unmukt Chand","2015",102
"Virender Sehwag","2015",99
"Albie Morkel","2015",86
"Manan Vohra","2015",82
"Shaun Marsh","2015",81
"Michael Hussey","2015",77
"Chris Morris","2015",76
"Stuart Binny","2015",74
"Ashish Reddy","2015",73
"Ryan ten Doeschate","2015",61
"Manoj Tiwary","2015",57
"Piyush Chawla","2015",54
"Ravichandran Ashwin","2015",52
"Jagadeesha Suchith","2015",48
"G H Vihari","2015",39
"Manvinder Bisla","2015",37
"Rishi Dhawan","2015",36
"Shakib Al Hasan","2015",36
"Gurkeerat Singh Mann","2015",35
"Johan Botha","2015",31
"Kane Williamson","2015",31
"Mitchell Johnson","2015",31
"Umesh Yadav","2015",29
"Mohit Sharma","2015",28
"Aaron Finch","2015",23
"Dale Steyn","2015",20
"Iqbal Abdulla","2015",20
"Nathan Coulter-Nile","2015",20
"Harshal Patel","2015",19
"Anureet Singh","2015",18
"B Kumar","2015",17
"Praveen Kumar","2015",17
"Sean Abbott","2015",15
"Aditya Tare","2015",14
"Rilee Rossouw","2015",14
"Darren Sammy","2015",13
"Mitchell McClenaghan","2015",13
"Tim Southee","2015",13
"Thisara Perera","2015",12
"Karanveer Singh","2015",11
"Mitchell Starc","2015",11
"Abu Nechim","2015",10
"Sandeep Sharma","2015",9
"Amit Mishra","2015",8
"Ankit Sharma","2015",7
"Brad Hogg","2015",7
"Shardul Thakur","2015",7
"Azhar Mahmood","2015",6
"Lasith Malinga","2015",6
"Varun Aaron","2015",6
"Imran Tahir","2015",5
"CM Gautam","2015",4
"Dhawal Kulkarni","2015",4
"Morne Morkel","2015",4
"Nic Maddinson","2015",4
"Pravin Tambe","2015",3
"Parvez Rasool","2015",2
"Ronit More","2015",2
"Shahbaz Nadeem","2015",2
"Ashish Nehra","2015",1
"Beuran Hendricks","2015",1
"Bipul Sharma","2015",1
"Domnic Muthuswami","2015",1
"Rusty Theron","2015",1
"Shreyas Gopal","2015",1
"Yuzvendra Chahal","2015",1
"Pat Cummins","2015",0
"Rajat Bhatia","2015",0
"Sreenath Aravind","2015",0
"Sunil Narine","2015",0
"Vinay Kumar","2015",0
"Virat Kohli","2016",973
"David Warner","2016",848
"AB De Villiers","2016",687
"Gautam Gambhir","2016",501
"Shikhar Dhawan","2016",501
"Rohit Sharma","2016",489
"Ajinkya Rahane","2016",480
"Murali Vijay","2016",453
"Quinton de Kock","2016",445
"Suresh Raina","2016",399
"KL Rahul","2016",397
"Robin Uthappa","2016",394
"Aaron Finch","2016",393
"Yusuf Pathan","2016",361
"Karun Nair","2016",357
"Brendon McCullum","2016",354
"Dinesh Karthik","2016",335
"Ambati Rayudu","2016",334
"Dwayne Smith","2016",324
"Sanju Samson","2016",291
"Mahendra Singh Dhoni","2016",284
"Steven Smith","2016",270
"Wriddhiman Saha","2016",270
"Jos Buttler","2016",255
"Manish Pandey","2016",248
"Krunal Pandya","2016",237
"Yuvraj Singh","2016",236
"Chris Gayle","2016",227
"Kieron Pollard","2016",208
"Faf du Plessis","2016",206
"Rishabh Pant","2016",198
"Chris Morris","2016",195
"J P Duminy","2016",191
"Ravindra Jadeja","2016",191
"Andre Russell","2016",188
"Moises Henriques","2016",182
"Surya Kumar Yadav","2016",182
"Glenn Maxwell","2016",179
"Shane Watson","2016",179
"Parthiv Patel","2016",177
"Saurabh Tiwary","2016",170
"David Miller","2016",161
"Manan Vohra","2016",161
"Shaun Marsh","2016",159
"Hashim Amla","2016",157
"Thisara Perera","2016",150
"Marcus Stoinis","2016",146
"Deepak Hooda","2016",144
"Naman Ojha","2016",136
"Usman Khawaja","2016",127
"Kane Williamson","2016",124
"Eoin Morgan","2016",123
"Sachin Baby","2016",119
"Shakib Al Hasan","2016",114
"Gurkeerat Singh Mann","2016",113
"Axar Patel","2016",111
"Nitish Rana","2016",104
"Dwayne Bravo","2016",99
"Harbhajan Singh","2016",92
"Sam Billings","2016",88
"George Bailey","2016",84
"Carlos Brathwaite","2016",83
"James Faulkner","2016",77
"Kevin Pietersen","2016",73
"Sarfaraz Khan","2016",66
"Ben Cutting","2016",65
"Stuart Binny","2016",63
"Martin Guptill","2016",57
"Pawan Negi","2016",57
"Travis Head","2016",54
"Bipul Sharma","2016",51
"Ashish Reddy","2016",47
"Hardik Pandya","2016",44
"B Kumar","2016",43
"Ishan Kishan","2016",42
"Kedar Jadhav","2016",42
"Ravichandran Ashwin","2016",41
"Iqbal Abdulla","2016",37
"Karn Sharma","2016",36
"Mitchell McClenaghan","2016",34
"Rajat Bhatia","2016",34
"Mohit Sharma","2016",32
"Colin Munro","2016",30
"Shreyas Iyer","2016",30
"Tim Southee","2016",30
"Dhawal Kulkarni","2016",27
"Mayank Agarwal","2016",27
"Piyush Chawla","2016",27
"Chris Lynn","2016",25
"Eklavya Dwivedi","2016",24
"Praveen Kumar","2016",24
"Rajagopal Sathish","2016",24
"Nikhil Naik","2016",23
"Jason Holder","2016",22
"Akshdeep Nath","2016",20
"Pradeep Sahu","2016",19
"Albie Morkel","2016",16
"Farhaan Behardien","2016",14
"Rishi Dhawan","2016",14
"KC Cariappa","2016",13
"Kyle Abbott","2016",13
"Vinay Kumar","2016",13
"Irfan Pathan","2016",11
"Parvez Rasool","2016",10
"Nathan Coulter-Nile","2016",9
"Umesh Yadav","2016",9
"Aditya Tare","2016",8
"Jasprit Bumrah","2016",8
"Lendl Simmons","2016",8
"Sandeep Sharma","2016",8
"Mitchell Marsh","2016",7
"Pravin Tambe","2016",7
"Sunil Narine","2016",7
"Jayant Yadav","2016",6
"Peter Handscomb","2016",6
"Zaheer Khan","2016",6
"David Wiese","2016",5
"Imran Tahir","2016",5
"Mitchell Johnson","2016",5
"Amit Mishra","2016",4
"Barinder Sran","2016",4
"Ankit Sharma","2016",3
"Chris Jordan","2016",3
"Mohammed Shami","2016",2
"Shreyas Gopal","2016",2
"Ashish Nehra","2016",1
"Dale Steyn","2016",1
"Kane Richardson","2016",1
"Morne Morkel","2016",1
"Shadab Jakati","2016",1
"Shahbaz Nadeem","2016",1
"Adam Zampa","2016",0
"Murugan Ashwin","2016",0
"Shivil Koushik","2016",0
"Swapnil Singh","2016",0
"Unmukt Chand","2016",0
"David Warner","2017",641
"Gautam Gambhir","2017",498
"Shikhar Dhawan","2017",479
"Steven Smith","2017",472
"Suresh Raina","2017",442
"Hashim Amla","2017",420
"Manish Pandey","2017",396
"Parthiv Patel","2017",395
"Rahul Tripathi","2017",391
"Robin Uthappa","2017",388
"Sanju Samson","2017",386
"Kieron Pollard","2017",385
"Ajinkya Rahane","2017",382
"Rishabh Pant","2017",366
"Dinesh Karthik","2017",361
"Shreyas Iyer","2017",338
"Nitish Rana","2017",333
"Rohit Sharma","2017",333
"Manoj Tiwary","2017",324
"Brendon McCullum","2017",319
"Ben Stokes","2017",316
"Glenn Maxwell","2017",310
"Virat Kohli","2017",308
"Aaron Finch","2017",299
"Chris Lynn","2017",295
"Mahendra Singh Dhoni","2017",290
"Karun Nair","2017",281
"Ishan Kishan","2017",277
"Moises Henriques","2017",277
"Jos Buttler","2017",272
"Kedar Jadhav","2017",267
"Shaun Marsh","2017",264
"Kane Williamson","2017",256
"Yuvraj Singh","2017",252
"Hardik Pandya","2017",250
"Krunal Pandya","2017",243
"Dwayne Smith","2017",239
"Wriddhiman Saha","2017",234
"Manan Vohra","2017",229
"Axar Patel","2017",227
"Sunil Narine","2017",224
"AB De Villiers","2017",216
"Chris Gayle","2017",200
"Mandeep Singh","2017",188
"Ravindra Jadeja","2017",158
"Chris Morris","2017",154
"Travis Head","2017",151
"Pawan Negi","2017",144
"Yusuf Pathan","2017",143
"Corey Anderson","2017",142
"Sam Billings","2017",138
"Lendl Simmons","2017",137
"Martin Guptill","2017",132
"Colin de Grandhomme","2017",126
"Surya Kumar Yadav","2017",105
"Vijay Shankar","2017",101
"Ambati Rayudu","2017",91
"David Miller","2017",83
"Daniel Christian","2017",79
"Naman Ojha","2017",79
"Deepak Hooda","2017",78
"Stuart Binny","2017",78
"Pat Cummins","2017",77
"Shane Watson","2017",71
"Eoin Morgan","2017",65
"Jason Roy","2017",59
"Kagiso Rabada","2017",55
"James Faulkner","2017",54
"Andrew Tye","2017",53
"Saurabh Tiwary","2017",52
"Ben Cutting","2017",51
"Mohit Sharma","2017",51
"Amit Mishra","2017",49
"Karn Sharma","2017",49
"Chris Woakes","2017",46
"Sheldon Jackson","2017",38
"Mohammed Shami","2017",36
"Ishank Jaggi","2017",33
"Angelo Mathews","2017",32
"Sreenath Aravind","2017",32
"Bipul Sharma","2017",31
"Marlon Samuels","2017",29
"Basil Thampi","2017",28
"Mayank Agarwal","2017",26
"Aniket Choudhary","2017",25
"Ankit Sharma","2017",25
"Kuldeep Yadav","2017",20
"Mitchell Johnson","2017",20
"Rahul Tewatia","2017",19
"Vishnu Vinod","2017",19
"Aditya Tare","2017",18
"Marcus Stoinis","2017",17
"Harbhajan Singh","2017",16
"Jasprit Bumrah","2017",16
"Mitchell McClenaghan","2017",16
"Rajat Bhatia","2017",16
"Anureet Singh","2017",15
"Sachin Baby","2017",15
"Deepak Chahar","2017",14
"Nathan Coulter-Nile","2017",14
"Samuel Badree","2017",13
"Yuzvendra Chahal","2017",13
"Ankit Bawne","2017",12
"Carlos Brathwaite","2017",12
"Swapnil Singh","2017",12
"Rashid Khan","2017",11
"Umesh Yadav","2017",10
"Washington Sunder","2017",9
"Faf du Plessis","2017",8
"Ishant Sharma","2017",8
"Praveen Kumar","2017",8
"Tymal Mills","2017",8
"Adam Milne","2017",7
"Ankit Soni","2017",7
"Ashok Dinda","2017",7
"Lasith Malinga","2017",7
"Sandeep Sharma","2017",7
"Tim Southee","2017",7
"Darren Bravo","2017",6
"Adam Zampa","2017",5
"Iqbal Abdulla","2017",5
"Trent Boult","2017",5
"Ankit Rajput","2017",4
"B Kumar","2017",4
"Varun Aaron","2017",4
"Zaheer Khan","2017",4
"Rahul Chahar","2017",3
"Irfan Pathan","2017",2
"Jaydev Unadkat","2017",2
"KC Cariappa","2017",2
"Mohammad Nabi","2017",2
"Piyush Chawla","2017",2
"Pradeep Sangwan","2017",2
"Shahbaz Nadeem","2017",2
"Dhawal Kulkarni","2017",1
"Lockie Ferguson","2017",1
"Shakib Al Hasan","2017",1
"Akshdeep Nath","2017",0
"Chris Jordan","2017",0
"Imran Tahir","2017",0
"Munaf Patel","2017",0
"Shardul Thakur","2017",0
"Siddarth Kaul","2017",0
