"season","city","venue","matches","country.etc","pop","lat","long","capital"
2008,"Bangalore","M.Chinnaswamy Stadium Bengaluru, Karnataka",7,"India",5104047,12.97,77.56,0
2008,"Chandigarh","I.S. Bindra Punjab Cricket Association Stadium, Mohali",7,"India",942769,30.75,76.78,0
2008,"Chennai","M.A.Chidambaram Stadium Chennai, Tamil Nadu",7,"India",4352932,13.09,80.27,0
2008,"Delhi","Feroz Shah Kotla Stadium, Delhi",6,"India",11215130,28.67,77.21,0
2008,"Hyderabad","Rajiv Gandhi International Stadium, Hyderabad",7,"India",3632094,17.4,78.48,0
2008,"Jaipur","Sawai Man Singh Stadium, Jaipur, Rajasthan",7,"India",2817522,26.92,75.8,0
2008,"Kolkata","Eden Garden Stadium, Kolkata, West Bengal",7,"India",4638350,22.57,88.36,0
2008,"Mumbai","Dr DY Patil Sports Academy",4,"India",12883645,18.96,72.82,0
2008,"Mumbai","Wankhede Stadium, Mumbai, Maharashtra",6,"India",12883645,18.96,72.82,0
2009,"Bloemfontein","OUTsurance Oval",2,"South Africa",480499,-29.15,26.23,0
2009,"Cape Town","Newlands",7,"South Africa",3546429,-33.93,18.46,0
2009,"Centurion","SuperSport Park",12,"South Africa",1687779,-25.73,28.22,1
2009,"Durban","Kingsmead",15,"South Africa",3244028,-29.87,30.99,0
2009,"East London","Buffalo Park",3,"South Africa",421916,-32.97,27.87,0
2009,"Johannesburg","New Wanderers Stadium",8,"South Africa",2091491,-26.19,28.04,0
2009,"Kimberley","De Beers Diamond Oval",3,"South Africa",138839,-28.75,24.77,0
2009,"Port Elizabeth","St George's Park",7,"South Africa",992669,-33.96,25.59,0
2010,"Ahmadabad","Sardar Patel Stadium, Motera",4,"India",3769846,23.03,72.58,0
2010,"Bangalore","M.Chinnaswamy Stadium Bengaluru, Karnataka",7,"India",5104047,12.97,77.56,0
2010,"Chandigarh","I.S. Bindra Punjab Cricket Association Stadium, Mohali",5,"India",942769,30.75,76.78,0
2010,"Chennai","M.A.Chidambaram Stadium Chennai, Tamil Nadu",7,"India",4352932,13.09,80.27,0
2010,"Cuttack","Barabati Stadium",2,"India",794039,20.27,85.84,0
2010,"Delhi","Feroz Shah Kotla Stadium, Delhi",7,"India",11215130,28.67,77.21,0
2010,"Dharamsala","Himachal Pradesh Cricket Association Stadium",2,"India",182398,31.11,77.16,0
2010,"Jaipur","Sawai Man Singh Stadium, Jaipur, Rajasthan",3,"India",2817522,26.92,75.8,0
2010,"Kolkata","Eden Garden Stadium, Kolkata, West Bengal",7,"India",4638350,22.57,88.36,0
2010,"Mumbai","Brabourne Stadium",7,"India",12883645,18.96,72.82,0
2010,"Mumbai","Dr DY Patil Sports Academy",6,"India",12883645,18.96,72.82,0
2010,"Nagpur","Vidarbha Cricket Association Stadium, Jamtha",3,"India",2272891,21.16,79.08,0
2011,"Bangalore","M.Chinnaswamy Stadium Bengaluru, Karnataka",6,"India",5104047,12.97,77.56,0
2011,"Chandigarh","I.S. Bindra Punjab Cricket Association Stadium, Mohali",4,"India",942769,30.75,76.78,0
2011,"Chennai","M.A.Chidambaram Stadium Chennai, Tamil Nadu",9,"India",4352932,13.09,80.27,0
2011,"Delhi","Feroz Shah Kotla Stadium, Delhi",7,"India",11215130,28.67,77.21,0
2011,"Dharamsala","Himachal Pradesh Cricket Association Stadium",3,"India",182398,31.11,77.16,0
2011,"Hyderabad","Rajiv Gandhi International Stadium, Hyderabad",7,"India",3632094,17.4,78.48,0
2011,"Indore","Holkar Stadium Cricket Stadium, Indore, Madhya Pradesh",2,"India",1901271,22.72,75.86,0
2011,"Jaipur","Sawai Man Singh Stadium, Jaipur, Rajasthan",7,"India",2817522,26.92,75.8,0
2011,"Kochi","Nehru Stadium",5,"India",606223,10.02,76.22,0
2011,"Kolkata","Eden Garden Stadium, Kolkata, West Bengal",7,"India",4638350,22.57,88.36,0
2011,"Mumbai","Dr DY Patil Sports Academy",7,"India",12883645,18.96,72.82,0
2011,"Mumbai","Wankhede Stadium, Mumbai, Maharashtra",9,"India",12883645,18.96,72.82,0
2012,"Bangalore","M.Chinnaswamy Stadium Bengaluru, Karnataka",8,"India",5104047,12.97,77.56,0
2012,"Chandigarh","I.S. Bindra Punjab Cricket Association Stadium, Mohali",6,"India",942769,30.75,76.78,0
2012,"Chennai","M.A.Chidambaram Stadium Chennai, Tamil Nadu",10,"India",4352932,13.09,80.27,0
2012,"Cuttack","Barabati Stadium",2,"India",794039,20.27,85.84,0
2012,"Delhi","Feroz Shah Kotla Stadium, Delhi",8,"India",11215130,28.67,77.21,0
2012,"Dharamsala","Himachal Pradesh Cricket Association Stadium",2,"India",182398,31.11,77.16,0
2012,"Hyderabad","Rajiv Gandhi International Stadium, Hyderabad",4,"India",3632094,17.4,78.48,0
2012,"Jaipur","Sawai Man Singh Stadium, Jaipur, Rajasthan",8,"India",2817522,26.92,75.8,0
2012,"Kolkata","Eden Garden Stadium, Kolkata, West Bengal",7,"India",4638350,22.57,88.36,0
2012,"Mumbai","Wankhede Stadium, Mumbai, Maharashtra",8,"India",12883645,18.96,72.82,0
2012,"Pune","Subrata Roy Sahara Stadium",9,"India",3043128,18.53,73.84,0
2012,"Visakhapatnam","Dr. Y.S. Rajasekhara Reddy ACA-VDCA Cricket Stadium",2,"India",1087237,17.73,83.3,0
2013,"Bangalore","M.Chinnaswamy Stadium Bengaluru, Karnataka",8,"India",5104047,12.97,77.56,0
2013,"Chandigarh","I.S. Bindra Punjab Cricket Association Stadium, Mohali",6,"India",942769,30.75,76.78,0
2013,"Chennai","M.A.Chidambaram Stadium Chennai, Tamil Nadu",8,"India",4352932,13.09,80.27,0
2013,"Delhi","Feroz Shah Kotla Stadium, Delhi",8,"India",11215130,28.67,77.21,0
2013,"Dharamsala","Himachal Pradesh Cricket Association Stadium",2,"India",182398,31.11,77.16,0
2013,"Hyderabad","Rajiv Gandhi International Stadium, Hyderabad",8,"India",3632094,17.4,78.48,0
2013,"Jaipur","Sawai Man Singh Stadium, Jaipur, Rajasthan",8,"India",2817522,26.92,75.8,0
2013,"Kolkata","Eden Garden Stadium, Kolkata, West Bengal",8,"India",4638350,22.57,88.36,0
2013,"Mumbai","Wankhede Stadium, Mumbai, Maharashtra",8,"India",12883645,18.96,72.82,0
2013,"Pune","Subrata Roy Sahara Stadium",8,"India",3043128,18.53,73.84,0
2013,"Raipur","Shaheed Veer Narayan Singh International Stadium",2,"India",699683,21.24,81.63,0
2013,"Ranchi","JSCA International Stadium Complex",2,"India",970602,23.36,85.33,0
2014,"Abu Dhabi","Sheikh Zayed Stadium",7,"United Arab Emirates",619316,24.48,54.37,1
2014,"Ahmadabad","Sardar Patel Stadium, Motera",4,"India",3769846,23.03,72.58,0
2014,"Bangalore","M.Chinnaswamy Stadium Bengaluru, Karnataka",6,"India",5104047,12.97,77.56,0
2014,"Chandigarh","I.S. Bindra Punjab Cricket Association Stadium, Mohali",3,"India",942769,30.75,76.78,0
2014,"Cuttack","Barabati Stadium",3,"India",794039,20.27,85.84,0
2014,"Delhi","Feroz Shah Kotla Stadium, Delhi",5,"India",11215130,28.67,77.21,0
2014,"Hyderabad","Rajiv Gandhi International Stadium, Hyderabad",4,"India",3632094,17.4,78.48,0
2014,"Kolkata","Eden Garden Stadium, Kolkata, West Bengal",4,"India",4638350,22.57,88.36,0
2014,"Mumbai","Brabourne Stadium",1,"India",12883645,18.96,72.82,0
2014,"Mumbai","Wankhede Stadium, Mumbai, Maharashtra",6,"India",12883645,18.96,72.82,0
2014,"Ranchi","JSCA International Stadium Complex",4,"India",970602,23.36,85.33,0
2014,"Sharjah","Sharjah Cricket Stadium",6,"United Arab Emirates",564620,25.37,55.41,0
2014,"Dubai","Dubai International Cricket Stadium",7,"United Arab Emirates",1182439,25.27,55.33,0
2015,"Ahmadabad","Sardar Patel Stadium, Motera",4,"India",3769846,23.03,72.58,0
2015,"Bangalore","M.Chinnaswamy Stadium Bengaluru, Karnataka",7,"India",5104047,12.97,77.56,0
2015,"Chandigarh","I.S. Bindra Punjab Cricket Association Stadium, Mohali",4,"India",942769,30.75,76.78,0
2015,"Chennai","M.A.Chidambaram Stadium Chennai, Tamil Nadu",7,"India",4352932,13.09,80.27,0
2015,"Delhi","Feroz Shah Kotla Stadium, Delhi",5,"India",11215130,28.67,77.21,0
2015,"Hyderabad","Rajiv Gandhi International Stadium, Hyderabad",4,"India",3632094,17.4,78.48,0
2015,"Kolkata","Eden Garden Stadium, Kolkata, West Bengal",7,"India",4638350,22.57,88.36,0
2015,"Mumbai","Brabourne Stadium",3,"India",12883645,18.96,72.82,0
2015,"Mumbai","Wankhede Stadium, Mumbai, Maharashtra",8,"India",12883645,18.96,72.82,0
2015,"Pune","Maharashtra Cricket Association Stadium",4,"India",3043128,18.53,73.84,0
2015,"Raipur","Shaheed Veer Narayan Singh International Stadium",2,"India",699683,21.24,81.63,0
2015,"Ranchi","JSCA International Stadium Complex",1,"India",970602,23.36,85.33,0
2015,"Visakhapatnam","Dr. Y.S. Rajasekhara Reddy ACA-VDCA Cricket Stadium",3,"India",1087237,17.73,83.3,0
2016,"Bangalore","M.Chinnaswamy Stadium Bengaluru, Karnataka",9,"India",5104047,12.97,77.56,0
2016,"Chandigarh","I.S. Bindra Punjab Cricket Association Stadium, Mohali",7,"India",942769,30.75,76.78,0
2016,"Delhi","Feroz Shah Kotla Stadium, Delhi",7,"India",11215130,28.67,77.21,0
2016,"Hyderabad","Rajiv Gandhi International Stadium, Hyderabad",7,"India",3632094,17.4,78.48,0
2016,"Kanpur","Green Park",2,"India",2898859,26.47,80.33,0
2016,"Kolkata","Eden Garden Stadium, Kolkata, West Bengal",7,"India",4638350,22.57,88.36,0
2016,"Mumbai","Wankhede Stadium, Mumbai, Maharashtra",4,"India",12883645,18.96,72.82,0
2016,"Pune","Maharashtra Cricket Association Stadium",4,"India",3043128,18.53,73.84,0
2016,"Raipur","Shaheed Veer Narayan Singh International Stadium",2,"India",699683,21.24,81.63,0
2016,"Rajkot","Saurashtra Cricket Association Stadium",5,"India",1237157,22.31,70.79,0
2016,"Visakhapatnam","Dr. Y.S. Rajasekhara Reddy ACA-VDCA Cricket Stadium",6,"India",1087237,17.73,83.3,0
2017,"Bangalore","M.Chinnaswamy Stadium Bengaluru, Karnataka",8,"India",5104047,12.97,77.56,0
2017,"Chandigarh","I.S. Bindra Punjab Cricket Association Stadium, Mohali",4,"India",942769,30.75,76.78,0
2017,"Delhi","Feroz Shah Kotla Stadium, Delhi",7,"India",11215130,28.67,77.21,0
2017,"Hyderabad","Rajiv Gandhi International Stadium, Hyderabad",8,"India",3632094,17.4,78.48,0
2017,"Indore","Holkar Stadium Cricket Stadium, Indore, Madhya Pradesh",3,"India",1901271,22.72,75.86,0
2017,"Kanpur","Green Park",2,"India",2898859,26.47,80.33,0
2017,"Kolkata","Eden Garden Stadium, Kolkata, West Bengal",7,"India",4638350,22.57,88.36,0
2017,"Mumbai","Wankhede Stadium, Mumbai, Maharashtra",8,"India",12883645,18.96,72.82,0
2017,"Pune","Maharashtra Cricket Association Stadium",7,"India",3043128,18.53,73.84,0
2017,"Rajkot","Saurashtra Cricket Association Stadium",5,"India",1237157,22.31,70.79,0
