"bowler","match_year","Total_wickets"
"Sohail Tanvir","2008",24
"Albie Morkel","2008",20
"Irfan Pathan","2008",20
"Shane Warne","2008",20
"Shane Watson","2008",20
"Farveez Maharoof","2008",19
"Piyush Chawla","2008",19
"S Sreesanth","2008",19
"Manpreet Gony","2008",18
"RP Singh","2008",17
"Yo Mahesh","2008",17
"Munaf Patel","2008",16
"Siddharth Trivedi","2008",15
"Vikram Singh","2008",15
"Zaheer Khan","2008",15
"Ashish Nehra","2008",14
"Glenn McGrath","2008",14
"Umar Gul","2008",14
"Dale Steyn","2008",13
"Dhawal Kulkarni","2008",13
"Shaun Pollock","2008",13
"Dilhara Fernando","2008",12
"Praveen Kumar","2008",12
"Amit Mishra","2008",11
"Ashok Dinda","2008",11
"Dwayne Bravo","2008",11
"Lakshmipathy Balaji","2008",11
"Muttiah Muralitharan","2008",11
"Pragyan Ojha","2008",11
"Yusuf Pathan","2008",10
"Joginder Sharma","2008",9
"Mohammad Asif","2008",9
"Rajat Bhatia","2008",9
"Shahid Afridi","2008",9
"Ajit Agarkar","2008",8
"Anil Kumble","2008",8
"Makhaya Ntini","2008",8
"Ishant Sharma","2008",7
"James Hopes","2008",7
"Palani Amarnath","2008",7
"Pradeep Sangwan","2008",7
"Sourav Ganguly","2008",7
"Vinay Kumar","2008",7
"Chaminda Vaas","2008",6
"Harbhajan Singh","2008",6
"Jacob Oram","2008",6
"Laxmi Shukla","2008",6
"Rohan Raje","2008",6
"Sanjay Bangar","2008",6
"Brett Lee","2008",5
"Dwayne Smith","2008",5
"Murali Kartik","2008",5
"Sanath Jayasuriya","2008",5
"Shoaib Akhtar","2008",5
"Jacques Kallis","2008",4
"Paidikalva Vijaykumar","2008",4
"Scott Styris","2008",4
"Balachandra Akhil","2008",3
"David Hussey","2008",3
"Dominic Thornely","2008",3
"Gagandeep Singh","2008",3
"Ramesh Powar","2008",3
"Venugopal Rao","2008",3
"Virender Sehwag","2008",3
"Yuvraj Singh","2008",3
"Brett Geeves","2008",2
"Daniel Vettori","2008",2
"Dimitri Mascarenhas","2008",2
"Doddapaneni Kalyankrishna","2008",2
"Mohammad Hafeez","2008",2
"Musavir Khote","2008",2
"Nuwan Zoysa","2008",2
"Shoaib Malik","2008",2
"Siddharth Chitnis","2008",2
"Suresh Raina","2008",2
"Virat Kohli","2008",2
"Abhishek Nayar","2008",1
"Ajantha Mendis","2008",1
"Andre Nel","2008",1
"Ashley Noffke","2008",1
"Dinesh Salunkhe","2008",1
"Dwaraka Ravi Teja","2008",1
"Iqbal Abdulla","2008",1
"Ravindra Jadeja","2008",1
"Rohit Sharma","2008",1
"Sarvesh Kumar","2008",1
"Sunil Joshi","2008",1
"Tillakaratne Dilshan","2008",1
"Vidyut Sivaramakrishnan","2008",1
"Wilkin Mota","2008",1
"RP Singh","2009",26
"Anil Kumble","2009",22
"Ashish Nehra","2009",22
"Lasith Malinga","2009",21
"Pragyan Ojha","2009",21
"Dirk Nannes","2009",20
"Irfan Pathan","2009",20
"Munaf Patel","2009",18
"Pradeep Sangwan","2009",18
"Muttiah Muralitharan","2009",16
"Praveen Kumar","2009",16
"Albie Morkel","2009",15
"Amit Mishra","2009",14
"Dwayne Bravo","2009",14
"Lakshmipathy Balaji","2009",14
"Shane Warne","2009",14
"Yusuf Abdulla","2009",14
"Harbhajan Singh","2009",13
"Shadab Jakati","2009",13
"Piyush Chawla","2009",12
"Rohit Sharma","2009",12
"Ishant Sharma","2009",11
"Rajat Bhatia","2009",11
"Daniel Vettori","2009",10
"Amit Singh","2009",9
"Andrew Symonds","2009",9
"Kamran Khan","2009",9
"Roelof van der Merwe","2009",9
"Vinay Kumar","2009",9
"Ajit Agarkar","2009",8
"Sanath Jayasuriya","2009",8
"Suresh Raina","2009",8
"Brad Hodge","2009",7
"Jacques Kallis","2009",7
"Yusuf Pathan","2009",7
"Zaheer Khan","2009",7
"Ashok Dinda","2009",6
"Brett Lee","2009",6
"Dimitri Mascarenhas","2009",6
"Fidel Edwards","2009",6
"Jacob Oram","2009",6
"Ramesh Powar","2009",6
"Ravindra Jadeja","2009",6
"Ryan Harris","2009",6
"S Sreesanth","2009",6
"Siddharth Trivedi","2009",6
"Tirumalsetti Suman","2009",6
"Yuvraj Singh","2009",6
"Chaminda Vaas","2009",5
"Dhawal Kulkarni","2009",5
"Jesse Ryder","2009",5
"Johan Botha","2009",5
"Kevin Pietersen","2009",5
"Laxmi Shukla","2009",5
"Manpreet Gony","2009",5
"Murali Kartik","2009",5
"Scott Styris","2009",5
"Shoaib Ahmed","2009",5
"Sudeep Tyagi","2009",5
"Aavishkar Salvi","2009",4
"Abhishek Nayar","2009",4
"Ajantha Mendis","2009",4
"Balachandra Akhil","2009",4
"Dillon du Preez","2009",4
"Farveez Maharoof","2009",4
"Harmeet Singh","2009",4
"J P Duminy","2009",4
"Venugopal Rao","2009",4
"Charl Langeveldt","2009",3
"Dale Steyn","2009",3
"Shane Harwood","2009",3
"Thilan Thushara","2009",3
"Wilkin Mota","2009",3
"Andrew Flintoff","2009",2
"Anureet Singh","2009",2
"Chetanya Nanda","2009",2
"Joginder Sharma","2009",2
"KP Appanna","2009",2
"Moises Henriques","2009",2
"Pankaj Singh","2009",2
"Ravichandran Ashwin","2009",2
"Sourav Ganguly","2009",2
"Vikramjeet Singh Malik","2009",2
"Yogesh Nagar","2009",2
"Ajinkya Rahane","2009",1
"Chris Gayle","2009",1
"David Hussey","2009",1
"Dwayne Smith","2009",1
"Graham Napier","2009",1
"Lee Carseldine","2009",1
"Mashrafe Mortaza","2009",1
"Morne Morkel","2009",1
"Rohan Raje","2009",1
"Sourav Sarkar","2009",1
"Tyron Henderson","2009",1
"Vikram Singh","2009",1
"Yo Mahesh","2009",1
"Pragyan Ojha","2010",22
"Amit Mishra","2010",20
"Harbhajan Singh","2010",20
"Anil Kumble","2010",19
"Vinay Kumar","2010",19
"Zaheer Khan","2010",18
"Dale Steyn","2010",17
"Irfan Pathan","2010",17
"Kieron Pollard","2010",17
"Lasith Malinga","2010",17
"Jacques Kallis","2010",15
"Muttiah Muralitharan","2010",15
"Ryan Harris","2010",15
"Shadab Jakati","2010",15
"Albie Morkel","2010",14
"Ravichandran Ashwin","2010",14
"RP Singh","2010",14
"Andrew Symonds","2010",13
"Doug Bollinger","2010",13
"Piyush Chawla","2010",13
"Siddharth Trivedi","2010",13
"Ashok Dinda","2010",12
"Praveen Kumar","2010",12
"Shane Warne","2010",12
"Shaun Tait","2010",12
"Chaminda Vaas","2010",11
"Dirk Nannes","2010",11
"Farveez Maharoof","2010",10
"Harmeet Singh","2010",10
"Lakshmipathy Balaji","2010",10
"Murali Kartik","2010",10
"Pradeep Sangwan","2010",9
"Shane Bond","2010",9
"Andrew McDonald","2010",8
"Angelo Mathews","2010",8
"Umesh Yadav","2010",8
"Dilhara Fernando","2010",7
"Ishant Sharma","2010",7
"Rusty Theron","2010",7
"Shane Watson","2010",7
"Suresh Raina","2010",7
"Thilan Thushara","2010",7
"Ashish Nehra","2010",6
"Jaskaran Singh","2010",6
"Rahul Sharma","2010",6
"Shalabh Srivastava","2010",6
"Sumit Narwal","2010",6
"Yusuf Pathan","2010",6
"Yuvraj Singh","2010",6
"Aditya Dole","2010",5
"Charl Langeveldt","2010",5
"Dwayne Bravo","2010",5
"Love Ablish","2010",5
"Munaf Patel","2010",5
"Paul Collingwood","2010",5
"Ravi Bopara","2010",5
"Ryan McLaren","2010",5
"S Sreesanth","2010",5
"Ajit Agarkar","2010",4
"Ali Murtaza","2010",4
"Bipul Sharma","2010",4
"Chris Gayle","2010",4
"Dimitri Mascarenhas","2010",4
"Jaydev Unadkat","2010",4
"Kamran Khan","2010",4
"Ramesh Powar","2010",4
"Sarabjit Ladda","2010",4
"Amit Uniyal","2010",3
"Daniel Vettori","2010",3
"Justin Kemp","2010",3
"Kevin Pietersen","2010",3
"KP Appanna","2010",3
"Laxmi Shukla","2010",3
"Rajagopal Sathish","2010",3
"Rajat Bhatia","2010",3
"Sanath Jayasuriya","2010",3
"Tillakaratne Dilshan","2010",3
"Virender Sehwag","2010",3
"Ajantha Mendis","2010",2
"Brad Hodge","2010",2
"Iqbal Abdulla","2010",2
"Joginder Sharma","2010",2
"Mitchell Marsh","2010",2
"Pankaj Singh","2010",2
"Roelof van der Merwe","2010",2
"Rohit Sharma","2010",2
"Abhimanyu Mithun","2010",1
"Adam Voges","2010",1
"Dhawal Kulkarni","2010",1
"Dwayne Smith","2010",1
"Faiz Fazal","2010",1
"J P Duminy","2010",1
"Manoj Tiwary","2010",1
"Manpreet Gony","2010",1
"Moises Henriques","2010",1
"Nayan Doshi","2010",1
"Shrikant Wagh","2010",1
"Sudeep Tyagi","2010",1
"Vikramjeet Singh Malik","2010",1
"Yo Mahesh","2010",1
"Yogesh Nagar","2010",1
"Yusuf Abdulla","2010",1
"Lasith Malinga","2011",30
"Munaf Patel","2011",22
"Sreenath Aravind","2011",22
"Ravichandran Ashwin","2011",21
"Doug Bollinger","2011",20
"Amit Mishra","2011",19
"Iqbal Abdulla","2011",18
"Rahul Sharma","2011",17
"Ryan Harris","2011",17
"Vinay Kumar","2011",17
"Albie Morkel","2011",16
"Harbhajan Singh","2011",16
"Piyush Chawla","2011",16
"RP Singh","2011",15
"Zaheer Khan","2011",15
"Dale Steyn","2011",14
"Morne Morkel","2011",14
"Shane Warne","2011",14
"Daniel Vettori","2011",13
"Irfan Pathan","2011",13
"Kieron Pollard","2011",13
"Lakshmipathy Balaji","2011",13
"Siddharth Trivedi","2011",13
"Yusuf Pathan","2011",13
"Pragyan Ojha","2011",12
"Alfonso Thomas","2011",11
"Daniel Christian","2011",11
"Ishant Sharma","2011",11
"Shakib Al Hasan","2011",11
"Amit Singh","2011",10
"Praveen Kumar","2011",10
"Rajat Bhatia","2011",10
"Shadab Jakati","2011",10
"Wayne Parnell","2011",10
"Ajit Agarkar","2011",9
"Bhargav Bhatt","2011",9
"Chris Gayle","2011",9
"Jacques Kallis","2011",9
"Ravindra Jadeja","2011",9
"Shalabh Srivastava","2011",9
"Yuvraj Singh","2011",9
"Brad Hodge","2011",8
"Brett Lee","2011",8
"Shane Watson","2011",8
"Suraj Randiv","2011",8
"Abu Nechim","2011",7
"James Hopes","2011",7
"Johan Botha","2011",7
"Mitchell Marsh","2011",7
"Paul Valthaty","2011",7
"S Sreesanth","2011",7
"Abhimanyu Mithun","2011",6
"Dhawal Kulkarni","2011",6
"Dwayne Bravo","2011",6
"Jaydev Unadkat","2011",6
"Jerome Taylor","2011",6
"Roelof van der Merwe","2011",6
"Shaun Tait","2011",6
"Ali Murtaza","2011",5
"Anand Rajan","2011",5
"Ashok Dinda","2011",5
"Bipul Sharma","2011",5
"Charl Langeveldt","2011",5
"Jesse Ryder","2011",5
"JS Mohammad","2011",5
"Raiphi Gomez","2011",5
"Ryan McLaren","2011",5
"Suresh Raina","2011",5
"Thisara Perera","2011",5
"J P Duminy","2011",4
"Manpreet Gony","2011",4
"Prasanth Parameswaran","2011",4
"Shahbaz Nadeem","2011",4
"Shrikant Wagh","2011",4
"Tim Southee","2011",4
"Aavishkar Salvi","2011",3
"B Kumar","2011",3
"Harmeet Singh","2011",3
"James Franklin","2011",3
"Johan van der Wath","2011",3
"Ryan Ninan","2011",3
"Umesh Yadav","2011",3
"Abhishek Nayar","2011",2
"Ashok Menaria","2011",2
"Dirk Nannes","2011",2
"Murali Kartik","2011",2
"Muttiah Muralitharan","2011",2
"Ramesh Powar","2011",2
"Varun Aaron","2011",2
"Virat Kohli","2011",2
"Abrar Kazi","2011",1
"Andrew Symonds","2011",1
"David Hussey","2011",1
"Jacob Oram","2011",1
"James Faulkner","2011",1
"Nayan Doshi","2011",1
"Nuwan Kulasekara","2011",1
"Shikhar Dhawan","2011",1
"Shrikant Mundhe","2011",1
"Tillakaratne Dilshan","2011",1
"Yogesh Nagar","2011",1
"Morne Morkel","2012",30
"Sunil Narine","2012",29
"Lasith Malinga","2012",25
"Umesh Yadav","2012",22
"Vinay Kumar","2012",21
"Zaheer Khan","2012",21
"Dwayne Bravo","2012",20
"Ravichandran Ashwin","2012",19
"Dale Steyn","2012",18
"Kieron Pollard","2012",18
"Parvinder Awana","2012",18
"Piyush Chawla","2012",18
"Munaf Patel","2012",17
"Rajat Bhatia","2012",17
"Jacques Kallis","2012",16
"Muttiah Muralitharan","2012",15
"Azhar Mahmood","2012",14
"Ben Hilfenhaus","2012",14
"Siddharth Trivedi","2012",14
"Albie Morkel","2012",13
"Amit Mishra","2012",13
"Amit Singh","2012",12
"Ashish Nehra","2012",12
"Lakshmipathy Balaji","2012",12
"Praveen Kumar","2012",12
"Ravindra Jadeja","2012",12
"Shakib Al Hasan","2012",12
"Veer Pratap Singh","2012",12
"Ashish Reddy","2012",11
"RP Singh","2012",11
"Ashok Dinda","2012",10
"Brad Hogg","2012",10
"Doug Bollinger","2012",10
"Irfan Pathan","2012",10
"Kevon Cooper","2012",10
"Pragyan Ojha","2012",10
"Shadab Jakati","2012",10
"B Kumar","2012",9
"Daniel Christian","2012",9
"Harshal Patel","2012",9
"Johan Botha","2012",9
"Marlon Samuels","2012",9
"Rahul Sharma","2012",9
"Varun Aaron","2012",9
"Ryan Harris","2012",8
"Shahbaz Nadeem","2012",8
"Angelo Mathews","2012",7
"Ankeet Chavan","2012",7
"Brett Lee","2012",7
"Dimitri Mascarenhas","2012",7
"Harmeet Singh","2012",7
"Pankaj Singh","2012",7
"Pawan Negi","2012",7
"Shaun Tait","2012",7
"Wayne Parnell","2012",7
"Daniel Vettori","2012",6
"Dhawal Kulkarni","2012",6
"Harbhajan Singh","2012",6
"James Franklin","2012",6
"KP Appanna","2012",6
"Shane Watson","2012",6
"Ajit Chandila","2012",5
"Alfonso Thomas","2012",5
"Andrew McDonald","2012",5
"Nuwan Kulasekara","2012",5
"Prasanth Parameswaran","2012",5
"Ajit Agarkar","2012",4
"Ankit Sharma","2012",4
"Iqbal Abdulla","2012",4
"Manpreet Gony","2012",4
"Murali Kartik","2012",4
"Roelof van der Merwe","2012",4
"Yusuf Pathan","2012",4
"Anand Rajan","2012",3
"Bhargav Bhatt","2012",3
"David Hussey","2012",3
"Doug Bracewell","2012",3
"Dwayne Smith","2012",3
"James Faulkner","2012",3
"Marchant de Lange","2012",3
"Michael Clarke","2012",3
"Robin Peterson","2012",3
"Rusty Theron","2012",3
"Shikhar Dhawan","2012",3
"Sourav Ganguly","2012",3
"Stuart Binny","2012",3
"Yo Mahesh","2012",3
"Glenn Maxwell","2012",2
"Suresh Raina","2012",2
"Abhishek Jhunjhunwala","2012",1
"Andre Russell","2012",1
"Ashok Menaria","2012",1
"Brad Hodge","2012",1
"Clint McKay","2012",1
"J P Duminy","2012",1
"Jesse Ryder","2012",1
"JS Mohammad","2012",1
"Kevin Pietersen","2012",1
"Laxmi Shukla","2012",1
"Pradeep Sangwan","2012",1
"Ryan ten Doeschate","2012",1
"TP Sudhindra","2012",1
"Dwayne Bravo","2013",34
"James Faulkner","2013",33
"Vinay Kumar","2013",27
"Sunil Narine","2013",26
"Harbhajan Singh","2013",25
"Amit Mishra","2013",24
"Mitchell Johnson","2013",24
"Lasith Malinga","2013",23
"Kevon Cooper","2013",22
"Mohit Sharma","2013",21
"Thisara Perera","2013",21
"Dale Steyn","2013",20
"Umesh Yadav","2013",20
"Jacques Kallis","2013",19
"Ashok Dinda","2013",18
"Pragyan Ojha","2013",18
"Chris Morris","2013",17
"Azhar Mahmood","2013",16
"Ishant Sharma","2013",16
"Parvinder Awana","2013",16
"Ravichandran Ashwin","2013",16
"Shane Watson","2013",16
"Ravindra Jadeja","2013",15
"RP Singh","2013",14
"Ashish Nehra","2013",13
"B Kumar","2013",13
"Jaydev Unadkat","2013",13
"Lakshmipathy Balaji","2013",13
"Praveen Kumar","2013",13
"Ravi Rampaul","2013",13
"Karn Sharma","2013",12
"Siddharth Trivedi","2013",12
"Darren Sammy","2013",11
"Irfan Pathan","2013",11
"Murali Kartik","2013",11
"Piyush Chawla","2013",11
"Rajat Bhatia","2013",11
"Kieron Pollard","2013",10
"Rahul Sharma","2013",9
"Sachithra Senanayake","2013",9
"Shahbaz Nadeem","2013",9
"Albie Morkel","2013",8
"Dhawal Kulkarni","2013",8
"Moises Henriques","2013",8
"Morne Morkel","2013",8
"Sandeep Sharma","2013",8
"Harmeet Singh","2013",7
"Iqbal Abdulla","2013",7
"Manpreet Gony","2013",7
"Mitchell Marsh","2013",7
"Stuart Binny","2013",7
"Wayne Parnell","2013",7
"Ajit Chandila","2013",6
"Angelo Mathews","2013",6
"S Sreesanth","2013",6
"Yuvraj Singh","2013",6
"Dirk Nannes","2013",5
"Johan Botha","2013",5
"Siddarth Kaul","2013",5
"Zaheer Khan","2013",5
"Brett Lee","2013",4
"Jason Holder","2013",4
"JS Mohammad","2013",4
"Rahul Shukla","2013",4
"Roelof van der Merwe","2013",4
"Ryan McLaren","2013",4
"Abu Nechim","2013",3
"Ali Murtaza","2013",3
"Ashish Reddy","2013",3
"Chris Gayle","2013",3
"Jasprit Bumrah","2013",3
"Munaf Patel","2013",3
"Muttiah Muralitharan","2013",3
"Abhishek Nayar","2013",2
"Ajantha Mendis","2013",2
"Anand Rajan","2013",2
"Dwayne Smith","2013",2
"Kane Richardson","2013",2
"Luke Wright","2013",2
"Rishi Dhawan","2013",2
"Vikramjeet Singh Malik","2013",2
"Aaron Finch","2013",1
"Abhimanyu Mithun","2013",1
"Adam Gilchrist","2013",1
"Andrew McDonald","2013",1
"Ankeet Chavan","2013",1
"Ankit Rajput","2013",1
"Ben Laughlin","2013",1
"Bhargav Bhatt","2013",1
"Bipul Sharma","2013",1
"Cameron White","2013",1
"G H Vihari","2013",1
"Ishwar Pandey","2013",1
"Jeevan Mendis","2013",1
"Laxmi Shukla","2013",1
"Marlon Samuels","2013",1
"Mohammed Shami","2013",1
"Nathan Coulter-Nile","2013",1
"Parvez Rasool","2013",1
"Pawan Suyal","2013",1
"Pravin Tambe","2013",1
"Raiphi Gomez","2013",1
"Rajagopal Sathish","2013",1
"Ryan Harris","2013",1
"Sarabjit Ladda","2013",1
"Shaun Tait","2013",1
"Suresh Raina","2013",1
"Tirumalsetti Suman","2013",1
"Yusuf Pathan","2013",1
"Mohit Sharma","2014",26
"Sunil Narine","2014",22
"B Kumar","2014",21
"Ravindra Jadeja","2014",20
"Axar Patel","2014",19
"Sandeep Sharma","2014",19
"Karn Sharma","2014",17
"Lasith Malinga","2014",17
"Mitchell Johnson","2014",17
"Mitchell Starc","2014",17
"Ravichandran Ashwin","2014",17
"Varun Aaron","2014",16
"James Faulkner","2014",15
"Pravin Tambe","2014",15
"Rishi Dhawan","2014",15
"Shakib Al Hasan","2014",15
"Harbhajan Singh","2014",14
"Piyush Chawla","2014",14
"Morne Morkel","2014",13
"Rajat Bhatia","2014",13
"Dale Steyn","2014",12
"Karanveer Singh","2014",12
"Lakshmipathy Balaji","2014",12
"Umesh Yadav","2014",12
"Yuzvendra Chahal","2014",12
"Imran Tahir","2014",11
"Jaydev Unadkat","2014",10
"Kane Richardson","2014",10
"Mohammed Shami","2014",10
"Vinay Kumar","2014",10
"Ben Hilfenhaus","2014",9
"Parvinder Awana","2014",9
"Shahbaz Nadeem","2014",9
"Amit Mishra","2014",8
"Ashish Nehra","2014",8
"Ishwar Pandey","2014",7
"Shane Watson","2014",7
"Wayne Parnell","2014",7
"Dhawal Kulkarni","2014",6
"Irfan Pathan","2014",6
"Jasprit Bumrah","2014",6
"Shreyas Gopal","2014",6
"Yuvraj Singh","2014",6
"Zaheer Khan","2014",6
"Ashok Dinda","2014",5
"Pragyan Ojha","2014",5
"Albie Morkel","2014",4
"Ankit Sharma","2014",4
"Beuran Hendricks","2014",4
"Corey Anderson","2014",4
"Dwayne Smith","2014",4
"Harshal Patel","2014",4
"Jacques Kallis","2014",4
"Kevon Cooper","2014",4
"Moises Henriques","2014",4
"Muttiah Muralitharan","2014",4
"Praveen Kumar","2014",4
"Stuart Binny","2014",4
"Abu Nechim","2014",3
"Darren Sammy","2014",3
"Ishant Sharma","2014",3
"J P Duminy","2014",3
"Kieron Pollard","2014",3
"Krishmar Santokie","2014",3
"Rahul Shukla","2014",3
"Rahul Tewatia","2014",3
"Shivam Sharma","2014",3
"Andre Russell","2014",2
"Ben Cutting","2014",2
"David Hussey","2014",2
"Marchant de Lange","2014",2
"Murali Kartik","2014",2
"Nathan Coulter-Nile","2014",2
"Pat Cummins","2014",2
"Ravi Rampaul","2014",2
"Samuel Badree","2014",2
"Siddarth Kaul","2014",2
"Glenn Maxwell","2014",1
"James Neesham","2014",1
"Jason Holder","2014",1
"John Hastings","2014",1
"Laxmi Shukla","2014",1
"Lendl Simmons","2014",1
"Parvez Rasool","2014",1
"Pawan Negi","2014",1
"Pawan Suyal","2014",1
"Rahul Sharma","2014",1
"Rohit Sharma","2014",1
"Ryan ten Doeschate","2014",1
"Suresh Raina","2014",1
"Vikramjeet Singh Malik","2014",1
"Dwayne Bravo","2015",28
"Lasith Malinga","2015",26
"Ashish Nehra","2015",25
"Yuzvendra Chahal","2015",24
"Mitchell Starc","2015",22
"B Kumar","2015",19
"Harbhajan Singh","2015",19
"Harshal Patel","2015",19
"Mitchell McClenaghan","2015",18
"David Wiese","2015",17
"Anureet Singh","2015",16
"Nathan Coulter-Nile","2015",16
"Imran Tahir","2015",15
"Mohit Sharma","2015",15
"Andre Russell","2015",14
"Axar Patel","2015",14
"Chris Morris","2015",13
"Dhawal Kulkarni","2015",13
"Sandeep Sharma","2015",13
"Morne Morkel","2015",12
"Piyush Chawla","2015",12
"Ravindra Jadeja","2015",12
"Umesh Yadav","2015",12
"Ishwar Pandey","2015",11
"Karn Sharma","2015",11
"Moises Henriques","2015",11
"Brad Hogg","2015",10
"Jagadeesha Suchith","2015",10
"Ravichandran Ashwin","2015",10
"Sreenath Aravind","2015",10
"Trent Boult","2015",10
"Amit Mishra","2015",9
"James Faulkner","2015",9
"Mitchell Johnson","2015",9
"Tim Southee","2015",9
"Vinay Kumar","2015",9
"J P Duminy","2015",8
"Ravi Bopara","2015",8
"Shane Watson","2015",8
"Stuart Binny","2015",8
"Zaheer Khan","2015",8
"Angelo Mathews","2015",7
"Beuran Hendricks","2015",7
"Pawan Negi","2015",7
"Praveen Kumar","2015",7
"Pravin Tambe","2015",7
"Sunil Narine","2015",7
"Kieron Pollard","2015",6
"Shakib Al Hasan","2015",5
"Ashish Reddy","2015",4
"Bipul Sharma","2015",4
"Domnic Muthuswami","2015",4
"Iqbal Abdulla","2015",4
"Varun Aaron","2015",4
"Albie Morkel","2015",3
"Ankit Sharma","2015",3
"Dale Steyn","2015",3
"Gurkeerat Singh Mann","2015",3
"Jasprit Bumrah","2015",3
"Suresh Raina","2015",3
"Abu Nechim","2015",2
"Glenn Maxwell","2015",2
"Jayant Yadav","2015",2
"Karanveer Singh","2015",2
"Rahul Tewatia","2015",2
"Yusuf Pathan","2015",2
"Azhar Mahmood","2015",1
"Corey Anderson","2015",1
"Deepak Hooda","2015",1
"Dwayne Smith","2015",1
"Gurinder Sandhu","2015",1
"Hardik Pandya","2015",1
"Ishant Sharma","2015",1
"Johan Botha","2015",1
"KC Cariappa","2015",1
"Marchant de Lange","2015",1
"Parvez Rasool","2015",1
"Pat Cummins","2015",1
"Rishi Dhawan","2015",1
"Ronit More","2015",1
"Rusty Theron","2015",1
"Ryan ten Doeschate","2015",1
"Shardul Thakur","2015",1
"Shivam Sharma","2015",1
"Shreyas Gopal","2015",1
"Thisara Perera","2015",1
"Virat Kohli","2015",1
"Yuvraj Singh","2015",1
"B Kumar","2016",24
"Shane Watson","2016",23
"Yuzvendra Chahal","2016",22
"Dhawal Kulkarni","2016",20
"Andre Russell","2016",19
"Dwayne Bravo","2016",19
"Mustafizur Rahman","2016",19
"Sandeep Sharma","2016",19
"Jasprit Bumrah","2016",18
"Mitchell McClenaghan","2016",18
"Chris Morris","2016",16
"Mohit Sharma","2016",16
"Amit Mishra","2016",14
"Barinder Sran","2016",14
"Moises Henriques","2016",14
"Ashok Dinda","2016",13
"Axar Patel","2016",13
"Chris Jordan","2016",13
"Sunil Narine","2016",13
"Adam Zampa","2016",12
"Piyush Chawla","2016",12
"Umesh Yadav","2016",12
"Zaheer Khan","2016",12
"Ashish Nehra","2016",11
"Ravichandran Ashwin","2016",11
"Sreenath Aravind","2016",11
"Morne Morkel","2016",10
"Praveen Kumar","2016",10
"Thisara Perera","2016",10
"Carlos Brathwaite","2016",9
"Harbhajan Singh","2016",9
"Marcus Stoinis","2016",9
"Ravindra Jadeja","2016",9
"Tim Southee","2016",9
"Dwayne Smith","2016",8
"Kane Richardson","2016",8
"Mohammed Shami","2016",8
"Iqbal Abdulla","2016",7
"Krunal Pandya","2016",7
"Kuldeep Yadav","2016",7
"Murugan Ashwin","2016",7
"Rajat Bhatia","2016",6
"Shivil Koushik","2016",6
"Ben Cutting","2016",5
"Bipul Sharma","2016",5
"Brad Hogg","2016",5
"Imran Tahir","2016",5
"Pravin Tambe","2016",5
"Shakib Al Hasan","2016",5
"Mitchell Marsh","2016",4
"Nathan Coulter-Nile","2016",4
"Vinay Kumar","2016",4
"Albie Morkel","2016",3
"Ankit Rajput","2016",3
"Deepak Hooda","2016",3
"Hardik Pandya","2016",3
"Ishant Sharma","2016",3
"Jason Holder","2016",3
"KC Cariappa","2016",3
"Mitchell Johnson","2016",3
"Pradeep Sahu","2016",3
"RP Singh","2016",3
"Sachin Baby","2016",3
"Scott Boland","2016",3
"Shahbaz Nadeem","2016",3
"Tabraiz Shamsi","2016",3
"Chris Gayle","2016",2
"Gurkeerat Singh Mann","2016",2
"Harshal Patel","2016",2
"J P Duminy","2016",2
"James Faulkner","2016",2
"Jayant Yadav","2016",2
"John Hastings","2016",2
"Kyle Abbott","2016",2
"Pawan Negi","2016",2
"Rajagopal Sathish","2016",2
"Rishi Dhawan","2016",2
"Shadab Jakati","2016",2
"Varun Aaron","2016",2
"Adam Milne","2016",1
"Ankit Sharma","2016",1
"Anureet Singh","2016",1
"Ashish Reddy","2016",1
"Karn Sharma","2016",1
"Parvez Rasool","2016",1
"Stuart Binny","2016",1
"Trent Boult","2016",1
"Yusuf Pathan","2016",1
"B Kumar","2017",28
"Jaydev Unadkat","2017",27
"Jasprit Bumrah","2017",23
"Mitchell McClenaghan","2017",20
"Imran Tahir","2017",19
"Chris Woakes","2017",18
"Rashid Khan","2017",18
"Umesh Yadav","2017",18
"Pawan Negi","2017",17
"Sandeep Sharma","2017",17
"Nathan Coulter-Nile","2017",16
"Pat Cummins","2017",16
"Siddarth Kaul","2017",16
"Axar Patel","2017",15
"Basil Thampi","2017",15
"Ben Stokes","2017",14
"Chris Morris","2017",14
"Yuzvendra Chahal","2017",14
"Karn Sharma","2017",13
"Mohit Sharma","2017",13
"Shardul Thakur","2017",13
"Andrew Tye","2017",12
"Daniel Christian","2017",12
"Kuldeep Yadav","2017",12
"Sunil Narine","2017",12
"Zaheer Khan","2017",12
"Lasith Malinga","2017",11
"Amit Mishra","2017",10
"Ashish Nehra","2017",10
"Krunal Pandya","2017",10
"Mohammed Siraj","2017",10
"James Faulkner","2017",9
"Mitchell Johnson","2017",9
"Samuel Badree","2017",9
"Washington Sunder","2017",9
"Harbhajan Singh","2017",8
"Kagiso Rabada","2017",8
"Mohammed Shami","2017",8
"Adam Zampa","2017",7
"Glenn Maxwell","2017",7
"Varun Aaron","2017",7
"Hardik Pandya","2017",6
"Piyush Chawla","2017",6
"Pradeep Sangwan","2017",6
"Praveen Kumar","2017",6
"Shahbaz Nadeem","2017",6
"Aniket Choudhary","2017",5
"Lockie Ferguson","2017",5
"Ravindra Jadeja","2017",5
"Shane Watson","2017",5
"Sreenath Aravind","2017",5
"Trent Boult","2017",5
"Tymal Mills","2017",5
"Adam Milne","2017",4
"Ankit Rajput","2017",4
"Ankit Soni","2017",4
"Colin de Grandhomme","2017",4
"Corey Anderson","2017",4
"KC Cariappa","2017",4
"Stuart Binny","2017",4
"Bipul Sharma","2017",3
"Dhawal Kulkarni","2017",3
"Harshal Patel","2017",3
"Rahul Tewatia","2017",3
"Tim Southee","2017",3
"Travis Head","2017",3
"Ashok Dinda","2017",2
"Ben Cutting","2017",2
"Billy Stanlake","2017",2
"Deepak Hooda","2017",2
"Dwayne Smith","2017",2
"Iqbal Abdulla","2017",2
"Irfan Pathan","2017",2
"Marcus Stoinis","2017",2
"Matt Henry","2017",2
"Mohammad Nabi","2017",2
"Moises Henriques","2017",2
"Rahul Chahar","2017",2
"Rajat Bhatia","2017",2
"T Natarajan","2017",2
"Vinay Kumar","2017",2
"Yuvraj Singh","2017",2
"Avesh Khan","2017",1
"Carlos Brathwaite","2017",1
"Chris Jordan","2017",1
"Deepak Chahar","2017",1
"Munaf Patel","2017",1
"Nathu Singh","2017",1
"Shubham Agarwal","2017",1
"Suresh Raina","2017",1
"Swapnil Singh","2017",1
"Yusuf Pathan","2017",1
